Product Name,Price (PKR)
Olpers Full Cream Milk 250ml Pouch,90.00000
Dasani Water 500ml,50.00000
Dasani Mineral Water 1.5ltr,70.00000
Nestle Pure Life Water 500ml,50.00000
Nestle Podina Raita 250gm,185.00000
National Apple Jam 440gm,320.00000
National Mixed Fruit Jam 440gm,320.00000
National Strawberry Jam 440gm,530.00000
National Refined Salt 800gm,55.00000
National Iodized Refined Salt 800gm,55.00000
Shan Hyderabadi Mixed Pickle 310gm,300.00000
Youngs Mayo Dressing 2ltr,645.00000
Nestle F/v Guava Nectar 1ltr,365.00000
Nestle F/v Orange Juice 1ltr,415.00000
Nestle F/v Peach Juice 1ltr,365.00000
Nurpur Full Cream Milk 125ml,52.00000
Nurpur Milk 1ltr,330.00000
Good Milk 1ltr,329.00000
Good Milk 250ml,81.00000
Head & Shoulders Anti Hairfall Shampoo 185ml,460.00000
Head & Shoulders Dry Scalp Care Shampoo 185ml,460.00000
Tapal Danedar Round Tea Bag 80pcs,995.00000
Tapal Danedar Enveloped Tea Bags 100pcs,920.00000
Tapal Danedar Tea Bag 50pcs Elaichi,560.00000
Tapal Danedar Envolope Tea Bag 50pcs,510.00000
Tapal Danedar Round Tea Bag 16pcs,245.00000
Mezan Banaspati 1*5kg,2675.00000
Mezan Canola Oil 1*5ltr,2730.00000
Shezan Apple Juice 1 Ltr,200.00000
Shezan Jam Mango 370gm,260.00000
Shezan Jam Mix Fruit 370gm,260.01000
Shezan Jam Strawberry 370gm,260.00000
Shezan Tomato Ketchup 800gm,345.00000
Shezan Synthetic White Vinegar 800ml,180.00000
Jfm Dark Brown Hair Colour H45,1795.00000
Eva Canola Oil 3ltr Bottle,1744.92000
Eva Canola Oil 5ltr Bottle,2895.09000
Eva Cooking Oil Nozel Pack 1x5,2825.00000
Eva Cooking Oil 3ltr Bottle,1720.02000
Mitchells Pickle Mango Glass Jar 360gm,285.00000
Mitchells Tomato Ketchup 300gm,240.00000
Mitchells Chilli Garlic Pouch 400gm,215.00000
Mitchells Chilli Garlic Sauce Pouch 800gm,395.00000
Mitchells Tomato Ketchup Pouch 400gm,210.00000
Mitchells Jam Mango Tin 1050gm,615.00000
Mitchells Jam Strawberry Tin 1050gm,695.00000
Mitchells Jam Apple Tin 1050gm,615.00000
Mitchells Mango Jam 410gm,299.00000
Mitchells Diet Jam Mix Fruit 300gm,320.00000
Mitchells Diet Jam Golden Apple 300gm,320.00000
Mitchells Chutney Plum 420gm,395.00000
Mitchells Squash Orange 800ml,375.00000
Mitchells Paste Garlic Jar 320gm,450.00000
Mitchells Orange Marmalade Tin 1050gm,615.00000
Mitchells  Sweet Corn 450gm,415.00000
Mitchells Chick Peas 440gm,435.00000
Mitchells Paste Ginger 320gm,495.00000
Mitchells Tomato Paste Tin 850g,735.00000
Bonus Active 1kg,295.00000
Bonus Tristar 1kg,220.00000
Jfm Dark Brown Beard Colour 45,1795.00000
Jfm Medium Brown Hair Colour M35,1795.00000
Jfm Real Black Hair Colour H55,1795.00000
Jfm Light Brown Beard Colour M25,1695.00000
Jfm Medium Brown Beard Colour H35,1695.00000
Palmolive Intensive Shampoo 375ml,620.00000
Clear Cool Black Shine Shampoo 380ml,775.00000
Clear Complete Clean Shampoo 185ml,450.00000
Colgate Sparkle Tooth Paste 130gm,160.00000
Pantene Deep Black Shampoo 185ml,430.00000
Pantene Smooth & Strong Shampoo 185ml,430.00000
Gatsby Loose & Flow Hair Wax 75gm,545.00000
Pantene Milky Extra Shampoo 1ltr,1755.00000
Nivea Intensive Body Lotion 400ml,2095.00000
Nivea Creme 60ml,445.00000
Nivea Soft Cream 200ml,1494.00000
Surf Excel Matic Top Load 1kg,695.02000
Brite Maximum Power 2kg,990.00000
Brite Maximum Power 3kg,1565.00000
Qarshi Ilacheen Sharbat 800ml,485.00000
Qarshi Sandaleen Sharbat 800ml,485.00000
Dettol Original Soap 4x110gm,532.00000
Pears Natural Oils Soap 125gm,345.00000
Coffee Coffee Mate Coffee Creamer 400gm,1426.00000
Nescafe Classic Coffee 50gm,1095.00000
Lipton Yellow Label Tea 100bags,1070.00000
Tapal Family Mixture Jar 440gm,1095.00000
Tapal Family Mixture 430gm,895.00000
Tapal Family Mixture Tea 900gm,1795.00000
Tapal Green Tea Jasmine Jar 100gm,285.00000
Tapal Tezdum Tea  430gm,875.00000
Tapal Tezdum Tea 170gm,375.00000
Tapal Green Tea Jasmine 30bags,240.00000
Tapal Tezdum Tea 900gm,1775.00000
Tapal Green Tea Mango 30bags,240.00000
Tapal Green Tea Pure Green 30bags,240.00000
Tapal Green Tea  Tropical Peach 30bags,240.00000
Tapal Danedar Tea Jar 440gm,1095.00000
Bake Parlor Achari Macaroni 250gm,140.00000
Bake Parlor Chicken Manchurian 250gm,140.00000
Bake Parlor Seven Spice Macaroni 250gm,140.00000
Bake Parlor Tikka Macaroni 250gm,140.00000
Bake Parlor Elbow Macaroni 400gm,190.00000
Bake Parlor Hara Masala Spaghetti  250gm,140.00000
Bake Parlor Three Color Macroni 400gm,190.00000
Bake Parlor Macaroni 400gm,190.00000
Bake Parlor Spiral Macaroni 400gm,190.00000
Bake Parlor Shell Macaroni 400gm,190.00000
Bake Parlor Twisted Macaroni 400gm,190.00000
Bake Parlor Cut Vermicelli 400gm,99.00000
Bake Parlor Spaghetti 500gm,250.00000
Vital Tea  Pouch 350gm,675.00000
Bake Parlor  Wheat Spaghetti 450gm,275.00000
Bake Parlor Lasagne 400gm,365.00000
Shangrila Mango Pickle Jar 800gm,475.00000
Shangrila Garlic Chilli Sauce 800gm,350.00000
Shangrila Tomato Ketchup 800gm,350.00000
Shangrila Trio Sauce Pack 700ml,645.00000
Shangrila Soya Sauce 700ml,250.00000
Shangrila Traditional Sauce 700ml,275.00000
Shangrila Green Chilli Sauce 400gm,195.00000
Shangrila Habanero H&s Ketchup 400gm,210.00000
Shangrila Trio Sauce Pack 120ml,195.00000
Shangrila Sqeeze Chilli Garlic Sauce 400gm Btl,265.00000
Shangrila Trio Sauce Pack 275ml,345.00000
Shangrila Synthetic Vinegar 275ml,105.00000
Shangrila Bar B-q Sauce 400gm,225.00000
Shangrila Chilli Sauce 700ml,265.00000
Shangrila Soy Sauce 275ml,131.00000
Shangrila Lemon Juice 275ml,205.00000
Olivia Hair Colour #08,275.00000
Olivia Hair Colour #10,275.00000
Olivia Hair Colour #12,275.00000
Number 1 Washing Powder 1kg,205.00000
Lemon Max  Dish Wash Yellow 750ml,385.00000
Lemon Max Anti Bacterial Liquid Dish Wash 475ml,315.00000
Lemon Max Liquid Ultra Green 500ml,435.00000
Lemon Max Dish Wash Yellow Paste 400gm,225.00000
Lemon Max Liquid Anti Bacterial Pouch 450ml,265.00000
Max Lime Dishwashing Paste 200gm,145.00000
Youngs Chicken Spread 500ml,650.00000
American Garden Classic Soy Sauce 295ml,1095.00000
American Garden Vinegar Apple Cider 946ml,1075.00000
American Garden White Vinegar 473ml,595.00000
Youngs Creamy&salted Mayo 500ml,335.00000
Youngs Creamy & Salted Mayo 1ltr,620.00000
Youngs Sandwich Spread 500ml,475.00000
Youngs Mayo Garlic Sauce 500ml,545.00000
Youngs Mayo Red Chilli Sauce 200ml,235.00000
Youngs Choco Bliss Milky Chocolate Spread 350gm,710.00000
American Garden U.s Peanut Butter Chunky 510gm,2045.00000
Youngs Mayo Chup 500ml,390.00000
American Garden U.s Peanut Butter Chunky 340gm,1445.00000
Nutella Hazelnut Spread 350gm,1595.00000
American Garden U.s Peanut Butter Creamy 510gm,2045.00000
American Garden U.s Peanut Butter Creamy 340gm,1445.00000
Kolson Twisted   Macaroni 400gm,210.00000
Medicam Pro-tech Tooth Paste 200gm,340.00000
Marios Chicken Makhni Macaroni 250gm,115.00000
Marios Karahi Macaroni 250gm,115.00000
Medicam Tooth Paste 180gm,335.00000
Marios Elbow Macaroni 400gm,175.00000
Marios Shell Macaroni 400gm,175.00000
Marios Fusilli Macaroni 400grm,175.00000
Kolson Spaghetti 500gm,260.00000
Dabur Red Tooth Paste 100gm,345.00000
Himalaya Purifying Neem Face Wash 50ml,295.00000
Himalaya Complexion Face Wash 100ml,575.00000
Himalaya Fresh Strawverry Face Wash 100ml,575.00000
Himalaya  Apricot Face Wash 100ml,575.00000
Kingtox  Flying Killer Odourless 400ml,515.00000
Himalaya Oil Control Face Wash 150ml,695.00000
Kingtox Black All Insect Killer 600ml,695.00000
Kingtox Black All Insect Killer 400ml,515.00000
Kingtox Green 600ml,695.00000
Kingtox Green 400ml,515.00000
Kingtox Insect Killing Powder 125gm,85.00000
Mortein Odourless Flying Insect Killer 375ml,802.98000
Mortein Coopex Powder 100gm,465.00000
Suree Rich & Creamy Coconut Milk 400ml,651.00000
Mother Choice Soft Brown Sugar 300gm,162.00000
Armaf Hunter Body Spray 200ml,695.00000
Armaf Tag Him Body Spray 200ml,695.00000
Armaf Club De Nuit Body Spray 200 Ml,615.00000
Mother Choice Icing Sugar 300gm,135.00000
Mother Choice Baking Soda 100gm,85.00000
Armaf Femme Women Body Spray 200ml,669.00000
Armaf Tag-her Women Body Spray 200ml,615.00000
Armaf Shades Men Body Spray 200ml,615.00000
Armaf Voyage Bleu Body Spray 200ml,695.00000
Armaf Blue Homme Body Spray 200ml,695.00000
Mother Choice Caster Sugar 300gm,155.00000
Polac Condensed Milk 390gm,315.00000
Harpic Power Plus Original 900ml,1095.04000
Harpic Floral Bathroom Cleaner 900ml,1016.00000
Harpic Lemon Bathroom Cleaner 900ml,931.00000
Domex Original Toilet Cleaner 500ml,385.00000
Dettol Surface Cleaner Aqua 1.8ltr,2395.00000
Dettol Surface Cleaner  Aqua 1ltr,1545.00000
Betty Crocker Milk Chocolate 500gm,799.00000
Suree Thai Coconut Cream 400ml,645.00000
Rossmoor Gelatine 50g,235.00000
Kiwi Liquid Polish Dark Tan 75ml,420.00000
Cherry Blossom Black Polish 90ml,995.00000
Kiwi Shoe Cream White Tube 45ml,390.00000
Kiwi Express Shoe Shiner Sponge,350.00000
Kiwi Liquid Black Polish 75ml,420.00000
Kiwi Liquid Leather Neutral Polish 75ml,420.00000
Kiwi Shoe Cream Dark Tan Tube 45ml,420.00000
Kiwi Shoe Dark Tan Polish 90ml,699.00000
Kiwi Shoe Dark Tan Polish 45 Ml,415.00000
Happy Cow Burger Cheese 10slices 200gm,1335.00000
Happy Cow Light Cheese 10slices 200gm,1235.00000
Cherry Blossom Black Polish 20ml,320.00000
Happy Cow Toast Cheese 10slices 200gm,1335.00000
Happy Cow Light Cheese 8protions 140gm,985.00000
Happy Cow Cream Cheese 8portions 140gm,965.00000
Happy Cow Regular Cheese 24portions 360gm,2175.00000
Dairy Omung Milk 1.5ltr,375.00000
Haleeb Asli Full Cream Milk 1ltr,280.00000
Nestle Milo Choco Balls 150gm,745.00000
Nestle Koko Krunch 150gm,745.00000
Haleeb Full Cream Milk 1ltr,330.00000
Haleeb Milk 250ml,82.00000
Olpers Full Cream Milk 1.5ltr,495.00000
Nestle Koko Krunch 450gm,1795.00000
Olpers Low-fat Milk 1litre,345.00000
Nestle Milo Choco Balls 450gm,1795.00000
Olpers Full Cream Milk 250ml,90.00000
Olpers Full Cream Powder 800gm,2045.00000
Always Maxi Thick Long 30pads,836.00000
Always Maxi Thick Extra Long 8pads,395.01000
Nair Lemon Hair Removing Cream 110gm,595.00000
Sateen Soft Tissues Executive Black,319.00000
Nair Hair Removing Lotion Jar Rose 120ml,695.00000
Nair Hair Removing Spray Kiwi 200ml,1144.00000
Nair Hair Removing Spray Rose 200ml,1144.00000
Nair Hair Removing Spray Lemon 200ml,1144.00000
Me-o Sardine In Prawn Jelly 400gm,745.00000
Weetabix Original Biscuit 430gm,1545.00000
Gillette Sensitive Shaving Foam 311gm,1395.00000
Rose Petal Tissues Luxury Black 210x3 Ply,335.02000
Rose Petal Maxop Single Tissue,120.00000
Kiwi Revive-all Car Interior Blue 250ml,675.00000
Tibet Powder 355gm,575.00000
Pk Beef Kofta 500gm,915.00000
Charlie Red Powder Small,120.00000
Charlie Blue Powder Small,120.00000
Enchanteur Romantic Powder 250gm,795.00000
English Prickly Heat Powder 120gm,280.00000
Gillette Blue 2 Plus Razor 3,549.48000
Gillette Mach3+ 8 Blade,6895.00000
Treet Comfort Safety Razor With Blade 5pcs,445.00000
Dabur Amla Hair Oil 100ml,299.00000
Denim Musk After Shave 100ml,895.00000
Vatika Cactus Hair Oil 200ml,560.00000
Vaseline Aloe Soothe Lotion 100ml,345.00000
Care Honey Lotion 210ml,665.00000
Enchanteur Alluring Powder 250gm,795.00000
Sensodyne Multicare Medium Tooth Brush,220.00000
Colgate 360 Degree Soft Tooth Brush,230.00000
Colgate Zig Zag Medium Tooth Brush,105.00000
Kopiko Coffee Candy 150gm,295.00000
Rivaj Hd Makeup Cleanising Beauty Oil 01,3350.00000
Menu Chicken Pop Corn 780gm,1190.00000
Red Bull Energy Drink  250ml,460.00000
Rivaj Men Acno Fight Face Wash 150ml,435.00000
Rivaj Men Charcoal Face Wash 150ml,435.00000
Garnier Men Power White Face Wash 50ml,419.99000
Rivaj Neem Face Wash 100ml,325.00000
Youngs Bee Hives Honey 1kg,1395.00000
Youngs Bee Hives Honey 500gm,895.00000
Youngs Bee Hives Honey 170gm,395.00000
Youngs Bee Hives Honey 450gm,945.00000
Marhaba  Honey Glass 300gm,495.00000
Salmans Pak-honey 1kg,1395.00000
Swat Honey Acacia 500gm,645.00000
Langnese Pure Bee Honey 1kg,5195.00000
Swat Honey 500gm,1995.00000
Junsui Pimple Face Wash 100gm,545.00000
Alshifa Natural Honey 250gm,1445.00000
Junsui Papaya Face Scrub 100gm,545.00000
Salmans Pak Honey 400gm,695.00000
Ovaltine Chocolate Drink Jar 400gm,1595.00000
Golden Pearl Cream 28gm,295.00000
Stillmans Freckle Cream 28gm,375.00000
Salmans Pak-honey 200gm,465.00000
Anhaar Plain Yogurt 400gm,240.00000
Anhaar Sweetened Yogurt 400gm,240.00000
Anhaar Strawberry Yogurt 80gm,85.00000
Anhaar Greek Style Yogurt 250gm,215.00000
Anhaar Mango Yogurt 80gm,85.00000
Blue Band Margarine Spread 180gm,330.00000
Blue Band Margarine Spread 90gm,190.00000
Flora Original Fat Free 500gm,1145.00000
Kernelpop Jalapeno Popcorn 90gm*3pcs,465.00000
Kernelpop Butter Popcorn 90gm,160.00000
Kernelpop Cheese Popcorn 90gm,160.00000
Kernelpop Jalapeno Popcorn 90gm,160.00000
Kernelpop Salt&pepper Popcorn 90gm,160.00000
Bake Parlor Tomato Ketchup 800gm,299.00000
Bake Parlor Chilli Garlic Sauce 800gm,299.00000
Similac Total Comfort (1) 360gm,3025.00000
Similac Total Comfort (2) 360gm,3045.00000
Ensure Strawberry 400gm,3045.00000
Selsun Blue Normal To Oily Shampoo 250ml,995.00000
Selsun Blue Moisturizing Shampoo 150ml,699.29999
Selsun Blue Norla To Oily Shampoo 150ml,699.00000
Body Luxuries Fly Away Body Splash 155ml,420.00000
Body Luxuries Be Myself Body Splash 155ml,420.00000
Body Luxuries Life Amour Body Splash 155ml,420.00000
Body Luxuries Mywish Body Splash 155ml,420.00000
Body Luxry Adorable Perfumed Body Spray 155ml,595.00000
Shezan Fruit Cocktail 830gm,495.00000
Farm Mushrooms 400gm,395.00000
Fruitamins Fruit Cocktail 836gm,795.00000
Meela Fruit Cocktail 800gm,562.00000
Borges Extra Light Olive Oil 250ml,1740.00000
Borges Extra Light Olive Oil 125ml,975.00000
Borges Extra Light Olive Oil 500ml,3170.00000
Mundial Olive Pomace Oil 1ltr Tin,2795.00000
Figaro Black Olives 340gm,845.00000
Mundial Olive Pomace Oil  400ml,1445.00000
Figaro Sliced Green Olives 920gm,2095.00000
Figaro Sliced Black Olives 920gm,2095.00000
Mundial Olive Pomace Oil  100ml,565.00000
Borges Olive Pomace Oil 100ml,680.00000
Mundial Extra Virgin Olive Oil  1ltr,4095.00000
Sasso Olive Oil 1ltr,4585.00000
Sasso Olive Oil 400ml,2445.00000
Nestle Milk Pak Yogurt 1kg,410.00000
Life Style Ispaghol Jar 250gm,2995.00000
Life Style Ispaghol Jar 150gm,1995.00000
Life Style Ispaghol Jar 80gm,995.00000
National Turmeric Powder 50gm,100.00000
National Himalayan Salt 800gm,99.00000
National Achar Gosht 86gm,265.00000
National Chat Masala 50gm,115.00000
Falak Extreme Basmati Rice 1kg,499.00000
Falak Premium Basmati Rice 1kg,475.00000
Vatani Black Pepper Powder 215gm,899.00000
Olivola  Oil Nozal Pack 1ltr,579.00000
Mezan Banaspati 1kg,535.00000
Eva Cooking Oil Nozal Pack 1ltr,565.00000
Mezan Cooking Oil 1ltr,546.00000
Sufi Soyabean Cooking Oil 1ltr,560.00000
Anhaar Desi Ghee 870gm,2095.00000
Kisan Desi Ghee 5kg Tin,13900.00000
Kisan Desi Ghee 2.5kg Tin,6995.00000
Sufi Canola Cooking Oil 4.5ltr,2570.00000
Sufi Sunflower Cooking Oil 4.5ltr,2665.00000
Sufi Sunflower Cooking Oil 3ltr,1775.00000
Sufi Canola Cooking Oil 3ltr,1715.00000
Sufi Soyabean Cooking Oil 3ltr,1745.07000
Borges Extra Light Olive Oil 2liter,9900.00000
Borges Pomace Olive Oil 2ltr,6610.00000
Olivola  Oil Std Bags 1*5pcs,2895.00000
Life Style Shan Mashriq Sharbat 800ml,299.00000
.life Style Sharbat Anar 800ml,595.00000
Life Style Almond Syrup 800ml,595.00000
Life Style Sharbat Elachi 800ml,495.00000
Life Style Sharbat Sandal 800ml,495.00000
Life Style Badam Sardai 800ml,595.00000
Sufi Banaspati 2.5kg Tin,1470.00000
Sufi Banaspati 5kg Tin,2870.00000
Sufi Soyabean Cooking Oil 1x5pcs,2800.00000
Sufi Canola Cooking 10ltr,5610.00000
Guess Feeme Eau De Parfum 75ml,6500.00000
Season Corn Oil 10ltr Can,6594.75000
Planta Cooking Oil 4.5ltr Bottle,2619.97000
Dalda Canola Cooking Oil 4.5ltr,2645.08000
Planta Cooking Oil 3 Ltr Bottle,1760.00000
Dalda Sunflower Oil 3ltr,1775.00000
Shan Pure Refined Salt 800gm,75.00000
Shan Iodized Salt 800gm,75.00000
Rivaj Charcoal Wax Strips 20pcs,695.00000
Dermacos Guava Glow Scrub 200gm,525.00000
Dermacos Facial Blond Brightener,510.00000
Dewdrop Olive Pomace Oil 250ml,850.00000
Dewdrop Extra Virgin Oil 500ml,2595.00000
Dalda Olive Oil Extra Virgin  1ltr,3395.00000
Sasso Extra Virgin Olive Oil 1ltr,4890.00000
Mundial Olive Pomace Oil 250ml,1042.00000
Sasso Olive Oil Pure 500ml,3195.00000
Mundial Extra Virgin Oilive Oil 250ml,1445.00000
Sasso Olive Oil Bottle 1ltr,5795.00000
Mundial Almond Oil 250 Ml,995.00000
Butterfly Breathables  Ultra Thin Extra Long 10pcs,395.00000
Butterfly Breathables Maxi Thick Long 9pcs,295.00000
Butterfly Breathables  Ultra Thin Long 8pcs,305.00000
Butterfly Long Ultra Thin Xxl 8pcs,205.00000
Butterfly Breathables Ultra Thin Extra Long 7pcs,304.99000
Butterfly Breathables Maxi Thick  Extra Long 8pcs,294.98000
Butterfly Classic Thick Extra Long 10pcs,270.00000
Butterfly Thick Long 10pads,260.00000
Butterfly Ultra Ultra Thin Long 8pcs,199.00000
Samsol Egg Shampoo 120ml,160.00000
Vatika Honey & Egg Shampoo 185ml,399.00000
Vatika Cactus & Gergir Shampoo 185ml,399.00000
Fa Caribbean Lemon Roll On 50ml,366.00000
Vatika Coconut & Castor Shampoo 185ml,399.00000
National Chinese Soy Sauce 300ml,165.00000
National Synthetic Vinegar 300ml,110.00000
Kala Kola Hair Tonic 100ml,260.00000
Kala Kola Hair Tonic 200ml,465.00000
Haribo Worms Fizz Jelly 80gm,486.00000
National Mixed Pickle Jar 400gm,310.00000
National Mix Pickle Jar 900gm,620.00000
National Mixed Pickle 320gm,275.00000
National Hyd Mixed Pickle 320gm,295.00000
National Mango Pickle 320gm,275.00000
Shan Mixed Pickle 320gm,275.00000
Dipitt Buffalo Hot Sauce 60ml,185.00000
Dipitt Soy Sauce 60ml,185.00000
Dipitt Chipotle Sauce 60ml,185.00000
Dipitt Tobasco Sauce 60ml,199.00000
Dipitt Chilli Garlic Sauce 310gm,225.00000
Dipitt Sweet Thai Chilli Sauce 340gm,325.00000
Dipitt Smokey Bbq Sauce 300gm,320.00000
Dipitt Habanero Sauce 60ml,185.00000
Dipitt Tomato Ketchup 300gm,220.00000
Dipitt Buy 2 Get 1 Free Pack,340.00000
Alshifa Natural Honey 1kg,4795.00000
Keune Developer 12% /40vol 60ml,450.00000
Keune Developer 9% /30vol 60ml,450.00000
Salmans Caramel Topping 623gm,635.00000
Hersheys Caramel Syrup 623gm,1395.00000
Salmans Strawberry Topping 623gm,645.00000
Salmans Chocolate Topping 623gm,635.00000
Salmans Blueberry Topping 623gm,635.00000
Tropicana  Stevia Sweetener 125gm 50sache,1035.00000
Tropicana Slim Stevia Sweetener 300gm 100+20 Sache,1966.00000
Sugarie Grranulated B Sugar 500g,210.00000
Sucral Zero Calorie 100 Tab,220.00000
Sucral Zero Calorie 200 Tab,410.00000
Chashnik  Brown Sugar 500gm,165.00000
Shezan Tomato Ketchup 400gm,185.00000
Salmans Pizza Sauce 370gm,405.00000
Salmans Pasta Sauce 370gm,405.00000
Mitchells  Apple Jelly 410gm,299.00000
Robin Neel 150ml,595.00000
Derma Shine Facial Mask 200gm,610.00000
Glint Glass Cleaner 500ml,675.00000
Suree Sweet Chilli Dipping Sauce 295ml,943.00000
Glint Steel Cleaner  500ml,625.00000
Suree Sesame Oil 150ml,895.00000
Suree Sesame Oil 295ml,1595.00000
Glint Galss Cleaner 500ml.,675.00000
Astonish Steel Cleaner 750ml,750.00000
Astonish Kitchen Cleaner 750ml,750.00000
Astonish Stain Blaster Cleaner 750ml,750.00000
Canderel Nutra Sweet 100 Tab,250.00000
Stevia Tropicana Slim 300tab,1945.00000
Derma Shine Whitening Wash 200ml,610.00000
Derma Shine Whitening Cleanser 200ml,610.00000
Derma Shine Lightening Bleach Mask 200gm,660.00000
Derma Shine Massage Cream 200ml,610.00000
Derma Shine Purifying Foaming Scrub 200ml,610.00000
Derma Shine Whitening Scrub 200ml,610.00000
Derma Lightening Shine Face Scrub 200gm,610.00000
Salmans Mixed Fruit Jam 450gm,345.00000
Salmans Apple Jam 450gm,345.00000
Fruit Tree Fig Jam 440gm,745.00000
Fruit Tree Blackcurrant Jam 440gm,745.00000
Fruit Tree Mixed Fruit Jam 440gm,745.00000
Salmans Citrus Marmalade Jam 450gm,345.00000
Opa Chunky Fries 900gm,795.00000
Marios Tikka Macaroni 250gm,115.00000
Hankies Hopup Tissues,225.00000
Hankies Garden Tissues,285.00000
Hankies Virsa Tissues 150x2ply,331.00000
Hankies Super Paper Towel Twin Pack,516.00000
Hankies Jumbo Kitchen Towel Jumbo,566.00000
Hankies Super Paper Towels Long,300.00000
Kraving Milk Eclairs Candy 1000gm,1145.00000
Youngs Chocolaty Spread 600gm,995.00000
Suree Sairacha Hot Chilli Sauce 435ml,1295.00000
Suree Sweet Chilli Sauce 435ml,1295.00000
Nandos Mild Peri-peri Sauce 250gm,1195.00000
Shezan Mix Fruit Juice 1ltr,200.00000
Nestle F/v Royal Mango Juice 1ltr,365.00000
Mortein Coopex Antilice Lotion 50ml,599.00000
Nestle F/v Kinnow Nectar 200ml,67.00000
Nestle F/v Guava Nectar 200ml,65.00000
Nestle F/v Chaunsa  Nectar 200ml,65.00000
Haleeb Chaunsa Chaunsa  Juice 200ml,45.00000
Danisa Butter Cookies 162gm,595.00000
Danisa Butter Cookies Tin 200gm,775.00000
Tiffany Marie Biscuits 200gm,945.00000
Tiffany Delights Chocolate Chip 100gm,1075.00000
Tiffany Digestive Natural Wheat Sugar Free 350gm,1945.00000
Tiffany Digestive Natural 250gm,1395.00000
Loacker Quadratini Wafers 125gm,845.00000
Kingtox Zeroach Killing Gel 10gm,125.00000
Mars Chocolate 51gm,175.00000
Mentos Spearmint Chew 37gm,140.00000
Natures Own White Oats 500gm,475.00000
Natures Own White Oats 200gm,215.00000
Diamond Papier Aluminum Foil 37.5 Sq.ft,1045.00000
Diamond Papier Aluminium Foil 25sq.ft,735.00000
Diamond Papier Aluminum Foil 75.sq.ft,1995.00000
Diamond Cling Wrap 300sq.ft,1745.00000
Diamond Aluminum Foil 200sq.ft,4395.00000
Diamond Ultra Strong Cling Wrap 100sq.ft,755.00000
Kernelpop Natural Popcorn 80gm,105.00000
Kernelpop Caramel Popcorn 195gm,330.00000
Stillmans Petroleum Jelly Blue 50gm,199.00000
Toshiba  Aa Cell 4pcs,130.00000
Energizer Max Aaa4 Alkaline Cell,1195.00000
Energizer Max Aa4 Alkaline Cell,956.00000
Energizer Max Aa2 Alkaline Cell,492.00000
Energizer Max 9v1 Alkaline Battery,1020.00000
Energizer Max Aa 8+4 Alkaline Cell,1836.00000
Energizer Max Aa 4+2 Alkaline Cell,956.00000
Energizer Max C2 Alkaline Cell,1236.00000
Energizer Max D2 Alkaline Cell,1995.00000
Energizer Max Aaa2 Alkaline Cell,492.00000
Energizer Rechrge Power Plus Aa2 Cell,3495.00000
Energizer Max Plus Aa4 Cell,1196.00000
Energizer Max Plus Aaa4 Cell,1185.00000
O Real Shashlic Mix For Chicken 65gm,160.00000
O Real Chinese Fried Rice Mix 50gm,160.00000
O Real Krispy French Fries Mix 65gm,160.00000
O Real Krispy Nuggets Mix 65gm,160.00000
O Real Krispy Fried Chicken Mix 120gm,160.00000
National Cornflour 385gm,154.99000
O Real Chicken Stock Powder 1kg,1045.00000
O Real Chicken Stock Powder 150gm,220.00000
Papia Tissue Box 300 Sheets,420.00000
Kryolan Cake Make Up #2w,4995.00000
Express Ultra Washing Powder 1kg,390.00000
Salmans Bbq Sauce 500gm,475.00000
Eden Roc Prickly Heat Powder 225gm,220.00000
Lattafa Ejaazi Eau De Parfum 100ml,3200.00000
Oral-b Lasting Freshness Mouth Wash 250ml,545.00000
Nexton Baby Shampoo 500ml,800.00000
Samsol Hair Colour #42,275.00000
Vatika Dandruff Guard Hair Cream 140ml,555.00000
Adams Butter 100 Gm,325.00000
Issey Miyake Leau Dissey Ladies Edt 100ml,15900.00000
Elizabeth Taylor White Diamond Edt 100ml,7900.00000
Versace Red Jeans Edt 75ml,6900.00000
Saeed Ghani Rose Water 100ml,195.00000
Davidoff Cool Water Woman Edt 100ml,8400.00000
Davidoff Hot Water Men Edt 110ml,6900.00000
Mont Blanc Emblem Men Edt 100ml,12900.00000
Nivea Men B&w Orignal B/s 150ml,1295.00000
Danisa Butter Cookies 375gm,1895.00000
Nestle F/v Kinnow 1ltr,365.00000
Colgate Plax Fresh Mint Mouth Wash 500ml,1045.00000
Robin Neel 300ml,1145.05000
Shangrila Wss Sauce 275ml,140.00000
Eggs Farm Fresh,320.00000
Olpers Full Cream Powder Milk 390gm,1045.00000
Bonus Active Surf 2kg,549.98000
Weetabix Original Biscuits 215gm,775.00000
Sapil Pour Femme Chichi Pink Eau De Toilette 100ml,3000.00000
Dettol Msc Lemon 1ltr,1544.96000
Nivea Fresh Natural B/s 150ml,1195.00000
Nivea Fresh Power B/s 150ml,1295.00000
Nivea Dry Impact 48h B/s 150ml,1295.00000
Happy Cow Cheddar Cheese 8slices 150gm,1045.00000
Super Sweeper Toilet Cleaner 500ml,225.00000
Armaf Club De Nuit Intense Man Edt 105ml,7500.00000
Borges Red Wine Vinegar 500ml,715.00000
Olpers Stw Flav Milk 180ml,85.00000
Crown Smooth Creamy Peanut Butter 510gm,1495.00000
Crown Peanut Butter Chunky 510gm,1495.00000
Hersheys Syrup Chocolate 680gm,1295.00000
National Synthetic Vinegar 800ml,210.00000
Mundial Olive Pomace Oil (tin) 175ml,725.00000
Sasso Olive Oil Tin 100ml,795.00000
Colour Me Red Body Spray 150ml,1024.00000
Colour Me Blue Body Spray 150ml,945.00000
Colour Me Pink Body Spray 150ml,1024.00000
Rossmoor Dried Parsley 8gm,160.00000
Vaseline Cocoa Radiant Lotion 200 Ml,695.00000
National Strawberry Custard Powder 300gm,200.00000
National Vanilla Custard Powder 300gm,200.00000
Tiffany Delights Burbon Cookies 200gm,1345.00000
Rivaj Uk Sunblock Spf 60 150ml,570.00000
Selpak Paper Roll Twin Pack,870.00000
Dove Cucumber & Green Tea Body Wash 500ml,1295.00000
Nivea Fresh Powerfruit Shower Gell 250ml,1295.00000
Nivea Lemongrass & Oil Shower Gell 250ml,1295.00000
Shangrila Tomato Ketchup 1.5kg,495.00000
Shangrila Tomato Ketchup 4kg,1295.00000
National Tommato Ketchup 3.25kg,1295.00000
Nivea Fresh Pure Shower Gel 250ml,1295.00000
Kelloggs Corn Flakes Honey Nut Cereal 375gm,1745.00000
Gillite Bllue 2 Plus Razor 5,895.00000
Nexton Baby Nourishing Powder 200gm,350.00000
Nexton Baby Powder  200gm,350.00000
Nexton M&g Baby Bath 500ml,945.00000
Nexton Baby Lotion  250ml,645.00000
Nexton Baby Soap Aloe Vera 100gm,185.00000
Nexton Baby Soap Rose Water 100gm,185.00000
Nexton Baby Jelly  Fragrance 100ml,395.00000
Nexton Baby Oil Soft Moisturiser 125ml,375.00000
Mothercare Baby Soap 80gm,180.00000
Lemon Max Fresh Cleaner 1ltr,845.00000
Tiffany Digestive Light Biscuits 250gm,1395.00000
Dayfresh Mango Flavour Milk 235ml,95.00000
Dayfresh Pista Zafraan Milk 225ml,95.00000
Dayfresh Strawberry Milk 225ml,95.00000
Dayfresh Chocolate Milk 225ml,95.00000
Dayfresh Lactose Free Milk 200ml,95.00000
Dayfresh Banana Milk 225ml,95.00000
Haleeb Tropical Apple Fruit Drink 1ltr,210.00000
Haleeb Chaunsa Chaunsa Fruit Drink 1ltr,210.00000
Fresher Peach  Juice 1000ml,275.00000
Fresher Pomegranate Juice 500 Ml,170.00000
Power Full 26 Essentials Drink Tin 250ml,155.00000
Power Full Ginseng Energy Drink 250ml,150.00000
Great Joiner Mango Juice 320ml,295.00000
Charlie Black Talc Powder Small,120.00000
Xtra Kleen Kitchen Towel 2ply,255.00000
National Quick Cook Haleem 348gm,334.98000
National Mango Pickle Jar 400gm,310.00000
Rose Petal Hi-jeen Brown,189.99000
Dettol Msc Lemon 500ml,794.97000
National Strawberry Custard  120gm,120.00000
Shan Shoop Chicken Noodels 65gm,50.00000
Shan Karara Zeera Powder 50gm,299.00000
Falak Brown Basmati Rice 1.5kg,675.00000
Mitchells Vinegar White 300ml,110.00000
Shangrila Synthetic Vinegar 700ml,170.00000
Sateen Soft Car Pack Tissues,149.00000
Salmans Apricot Jam 450gm,385.00000
Dipitt Buffalo Sauce 300ml,385.00000
Shangrila Chilli Garlic Sauce 400gm,180.00000
Palmolive Silky Straight Shampoo 375ml,640.00000
Rossmoor Oregano Leaves 10gm,160.00000
Samsol Hair Colour #2,275.00000
Cbc Pure White Coconut Oil 400gm,695.00000
Sateen Soft All Rounder Large,382.00000
Shangrila Tomato Ketchup 400gm,180.00000
Dewdrop Olive Pomace Oil 4ltr,7899.00000
Whipy Whip Whipping Cream 1kg,775.00000
Bread & Beyond Tortilla Wrap 08pcs,365.00000
Cadbury Dairy Milk Chocolate Fruit&nut 38gm,195.00000
Fresher Mango Nectar Juice 500ml,145.00000
Samsol Hair Colour #13,275.00000
Samsol Hair Colour #3,275.00000
Samsol Hair Colour #1,275.00000
Samsol Hair Colour #7,275.00000
Samsol Hair Colour #4,275.00000
Samsol Hair Colour #9,275.00000
Samsol Hair Colour #18,275.00000
Samsol Hair Colour #12,275.00000
Samsol Hair Colour #44,275.00000
Samsal Hair Colour #14,275.00000
Samsol Hair Colour #41,275.00000
Samsol Hair Colour #15,275.00000
Palmolive White Tea Hand Wash 450ml Refill,445.00000
Palmolive White Tea Hand Wash 1ltr Pouch,845.00000
Palmolive White Tea H/w 450ml,520.00000
Palmolive Milk&honey H/w 225ml,320.00000
Palmolivewhite Tea H/w 225ml,320.00000
Sateen Soft Jumbo Pack (purple),421.00000
Dalda Cooking Oil 4.5ltr Bottle,2645.00000
Rossmoor Cocog Powder 200g,752.00000
Private Club Espresso Coffee 50gm,595.00000
Vaseline Blue Seal Aloe Fresh Jelly 50ml,265.00000
Vaseline Healty Bright Uv Extra Lotion 100ml,345.00000
Kernelpop Pop Corn Butter 300gm,465.00000
Lemon Max Antibacterial Powder 750gm,175.00000
Vaseline Blue Petroleum Jelly 50gm,245.00000
Shezan Strang Pickle Pouch 800gm,425.00000
Always Maxi Thick 3in1 Extra Long 26pads,792.00000
Nair Rose Hair Remover Cream 110gm,595.00000
Reggia Pasta 500gm Fettuccine #614,595.00000
Kingtox Anti Mosquito Liquid Reffil 45ml,240.00000
Similac Isomil 400gm,3195.00000
Rose Petal Hi-jeen White Tissue,285.01000
Tiffany Wafers 76gm Chocolate,299.00000
Mitchells Pineapple Jelly 410gm,299.00000
Nexton Baby Shampoo 250ml,495.00000
Express Power Surf 500gm,195.00000
Armaf Club De Nuit Women Body Spray 200ml,695.00000
Kingtox Coil Blacky New Extra Power 10pcs,95.00000
Mundial Olive Pomace Oil 4ltr,9194.85000
St.ives Vanilla & Oat Milk Body Wash 650ml,1395.00000
Dalda Cooking Oil 3ltr,1775.00000
Planta Cooking Oil 1x5pcs,2845.00000
Adams Butter 200 Gm,595.00000
Delmonte P.app T/bits 432gm,795.00000
Shams Canola Cooking Oil 5ltr Btl,2574.00000
Rivaj Aloe Vera Lotus Wax Strps 20pcs,695.00000
Comfort Blue Morning Fresh 400ml,420.00000
Fa Men Invisible Power Dry Roll On 50ml,395.00000
Shan Ginger Garlic Paste 750 Gm,995.00000
St.ive Coconut Water & Orchid Body Wash 650ml,1395.00000
St.ives Sea Salt & Pacific Kelp Body Wash 650ml,1395.00000
Dabur Amla Hair Oil 300ml,765.00000
Vaseline Healty Bright Perfect 10 Pro Age Lotion 200ml,695.00000
Rivaj Natural Hot Wax 6pcs,685.00000
Nutro Kreme Wafers Vanilla 150gm,655.00000
Express Power Surf 2kg,770.00000
Express Power Surf 1.5kg,560.00000
Reggia Pasta 500gm Vermicelli #17,395.00000
Inovative Frisky Rolls Chocolate 86.4gm,195.00000
Lurpak Butter 200gm Unsalted,1195.00000
Sufi Super Detergent Powder 2kg,815.00000
Vaseline Blue Seal Cocoa Butter 50ml,245.00000
Dettol Skin Care Hand Wash 150ml,345.00000
Fruiti Peach Drink 250ml,110.00000
Body Luxuries Intense Perfumed B/s 155ml,595.00000
National Cumin Seeds 50gm,335.00000
Body Luxuries Dream Chiffon Body Splash 155ml,420.00000
Body Luxuries Individual Body Spray 200ml,675.00000
Trident Sugar Free Tropical Twist Gum 14sticks,245.00000
Armaf Club De Nuit Woman Eau De Parfum 105ml,7500.00000
Papia Toilet Rolls 2pcs,265.00000
Krone Xtreme Dense Body Spray 200ml,465.00000
Krone Xrreme Active Body Spray 200ml,495.00000
Krone Xtreme Play Body Spray 200ml,465.00000
Krone Noir Dune Body Spray 120ml,495.00000
Derma Shine Whitening Cleansing Milk 250ml,610.00000
Complan Vanilla 200gm,675.00000
Complan Strawberry 200gm,675.00000
Complan Chocolate 200gm,675.00000
Complan Chocolate 400gm,1295.00000
Complan Strawberry 400gm,1295.00000
Complan Vanilla 400gm,1295.00000
Shezan Tomato Ketchup 5kg,1745.00000
Tropicana Slim Stevia Sweetener Refill Pack 250gm,1395.00000
Nandos Peri Peri Medium Sauce 250gm,1195.00000
Sugarie Brown Powder 1kg,395.00000
Vibrant Blackberry Skin Polisher 200ml,695.00000
Vibrant Cucumber Peel Of Mask 200ml,695.00000
Vibrant Lemon Revitalizing Cleanser 200ml,695.00000
Vibrant Grapes & Yougurt Cleasing Milk 200ml,591.00000
Vibrant Pomegranate Face Wash 200ml,695.00000
Vibrant Apple Clarifying Clay Mask Mask 200ml,695.00000
Oasis Aloe Vera & Cucumber Hand Wash 500ml,195.00000
Oasis Creamy Peach Hand Wash 500ml,195.00000
Oasis Orange Hand Wash 500ml,195.00000
Nike Sweet Blossom Woman Body Spray 200ml,945.00000
Brylcreem Orignal Hair Cream 250ml,995.00000
Samsol Moisture Perfumed Lather Shaving Cream 72gm,140.00000
Himalaya Aloe Vera Face Wash 150ml,695.00000
Tapal Family Mixture Tea 170gm,375.00000
Vatika Sarson Mustard Hair Oil 200ml,520.00000
Vatika Almond Hair Oil 200ml,560.00000
Heinz Farleys Rusks Original 120gm,695.00000
Heinz Farleys Rusks Orange 120gm,695.00000
Mentos Strawberry Chew 37.5gm,140.60001
Mentos Mint Chew 37gm,140.60001
Vince Acne & Oil Clear Extra Fair Face Wash 75ml,280.00000
Fine Super Towel Tissue 2 Rolls Pack,430.00000
Nurpur Dairy Cream 200ml,220.00000
Red Bull Sugar Free Drink 250ml,460.00000
Vatani Spice Rub Wings Drumsticks Masala 143gm,248.00000
Vatani White Cumin 480gm,1695.00000
American Garden Popcorn Butter 273gm,1095.00000
Kernelpop Cheese Popcorn 300gm,465.00000
Kernelpop Natural Popcorn 300gm,465.00000
Kernelpop Cheese Popcorn 80gm,105.00000
Funchies Mingalz Choco Balls 330gm,495.00000
Funchies Mingalz Choco Bites 330gm,495.00000
American Garden Us Mustard Paste 227gm,845.00000
Lifebuoy Total 10 Hand Wash 200ml,240.00000
Queen Tissue 400 Sheet,290.00000
Dalda Canola Oil 3ltr Btl,1775.00000
Samsol Hair Color #43,275.00000
Lemon Max Dishwashing Powder 790gm,175.00000
Pur Feeding Bottle Medium 125ml 1902,795.00000
Ensure Vanilla Milk Tin 400gm,3045.00000
Enchanteur Gorgeous Body Wash 550ml,1095.00000
Farm Fresh Omega 3 Eggs 12pcs,405.00000
American Garden Jalapeno Pepper Whole 454gm,875.00000
Shangrila Mixed Pickle Chunks Jar 750gm,545.00000
Shangrila Dark Soy Sauce 500ml,685.00000
Nair Moisturising Hair Remover 110gm,595.00000
Kala  Kola Hair Color #01,270.00000
Kala Kola Hair Color #09,270.00000
Kala Kola Hair Color #10,270.00000
Kala Kola Hair Color #07,270.00000
American Garden Hot Sauce 473ml,1695.00000
Falak Paprika Powder 85gm,395.00000
Falak Meat Tenderizer 100gm,212.00000
Falak Zeera Raita 75gm,495.00000
Johnsons Baby Powder Bedtime 100gm,435.00000
Bake Parlor Spaghetti 450gm,210.00000
Bakea Black Pepper Powder 70gm,450.00000
Al-raza Natural Salt P.b 800gm,40.00000
Shan Chilli Pickle 300gm,315.00000
Alshifa Black Forest Honey 250gm,2295.00000
Sateen Soft Life Style Popup Black,230.00000
Tiffany Wafers Strawbery 76gm,282.00000
Tiffany Wafers Orange 76gm,299.00000
Tiffany Wafers Hazelnut 76gm,299.00000
Capri Water Lily Juniper Berry Soap 3x120gm,390.00000
Betty Crocker Super Moist Vanilla 500gm,799.00000
Toshiba Cell Aa 1.5v 4pcs,130.00000
Nestle Everyday Powder Original P.b 1.8kg,3495.00000
Dipitt Classic Mayo Light & Creamy 400ml,290.00000
Fresher Gava Necter Juice 1000ml,275.00000
Glucerna Chocolate Baby Milk 400gm,3795.00000
Glucerna Vanilla  Baby Milk 400gm,4495.00000
Betty Crocker Super Moist Chocolate Fudge 500gm,799.00000
Fruitamins Fruit Cocktail 545gm,535.00000
Nestle Everyday Powder Original P.b 1.2kg,2395.00000
Bakea Cooking Dark Chocolate 200gm,380.00000
Dewdrop Strawberry Topping&filling 595gm,1395.00000
Millac Skimillac Skimmed Milk Powder 500gm,1245.00000
Millac Milk Powder 390gm,745.00000
Nestle Everyday Powder Original 850gm,1695.00000
Mentos White Tutti Frutti Gum 38pcs,695.00000
Cadbury Cocoa Powder 125gm,1195.00000
Cadbury Cocoa Powder 250gm,1895.00000
Puck Cream Cheese Spread 140gm,635.00000
Puck Cream Cheese Spread 910gm,3395.00000
American Garden Pancake Syrup 354ml,1295.00000
Pantene Goodbye Summer Frizz Shampoo 185ml,430.00000
Head & Shoulders Silky Black Shampoo 185ml,459.99000
Fresher Peach Fruit Drink 250ml,75.00000
Fresher Mango Nectar 250ml,95.00000
Fresher Guava Nectar 250ml,95.00000
Nestle F/v Sparking Drink Peach 250ml,143.00000
Fresher Guava Necter Juice 500ml,145.00000
Fresher Falsa Juice 500ml,115.00000
Fresher Peach Juice 500ml,145.00000
Fresher Strawberry Fruit Drink Juice 500ml,134.00000
Loreal Total Repair 5 Hair Shampoo 360ml,778.97000
Loreal Total Repair 5 Shampoo 175ml,440.02000
Butterfly Panty Liner 20pcs,350.00000
Super Bleach 2 Ltr,626.00000
Fair & Lovely Man Glow Handsome Cream 25gm,195.00000
Shangrila Peri Peri Extra Hot Sauce 295gm,385.00000
Shangrila Peri Peri Lemon Herbs Sauce 295gm,385.00000
Shangrila Peri Peri Lemon Herbs Sauce 150gm,185.00000
Shangrila Peri Peri Garlic Sauce 295gm,385.00000
Shangrila Peri Peri Garlic Sauce 150gm,185.00000
Shangrila Peri Peri Mild Sauce 295gm,385.00000
Shangrila Peri Peri Mild Sauce 150gm,185.00000
Rivaj Uk Silver Sheet Mask 3x25ml,585.00000
Rivaj Uk Charcoal Sheet Mask 3x25ml,585.00000
Rivaj Uk Brightening Serum Sheet Mask 3x25ml,585.00000
Rivaj Uk Firming Serum Seet Mask 3x25ml,585.00000
Garnier Acno Fight Face Wash 100ml,795.00000
Garnier Men Power White Wash 100ml,795.00000
Garnier Men Power White Instant Cool Skin Face Wash 100ml,795.00000
National Crushed Mixed Pickle In Oil 750gm,675.00000
Cherry Blossom Instant Shine Sponge,645.00000
Hemani Natural Coconut Oil 400ml,645.00000
Krone Noir Tranquil Body Spray 120ml,495.00000
Krone Noir Desire Body Spray 120ml,495.00000
Krone Noir Myth Body Spray 120ml,495.00000
Body Luxuries Island Mood Body Splash 155ml,420.00000
Body Luxuries Tropical Woods Body Splash 155ml,420.00000
Garnier Hair Color Sach No.3.16,165.00000
Nivea Fresh Ocean Body Spray 150ml,1295.00000
Olpers Badam Zafran Flavoured Milk 180ml,85.00000
Derma Shine Brightening Vitamin E Hand Foot Cream 200gm,610.00000
Derma Shine Sunblock Spf70 200gm,610.00000
Hemani Brightening Facial Scrub 5in1 150ml,595.00000
Palmolive Aloe Vera Hand Wash 450ml,520.00000
Natures Own Fusilli Pasta 400gm,165.00000
Natures Own Medium Elbow Pasta 400gm,165.00000
Natures Own Spaghetti Pasta 400gm,165.00000
Bake Parlor Fajita Spaghetti  250gm,140.00000
Bake Parlor Cajun Spaghetti 250gm,140.00000
Bake Parlor Chicken Chilli 2 In 1  250gm,140.00000
Bake Parlor Hot & Sour Chinese Noodles 2 In1 250gm,140.00000
Comfort Lily Fresh Fabric Conditioner 200ml,240.00000
Comfort Lily Fresh Fabric Conditioner 800ml,720.00000
Bonus Tristar 3kg,635.00000
Bonus Tristar Washing Powder 5kg,1095.00000
Golden Pearl Egg Protein Shampoo Conditioner 190ml,313.00000
Golden Pearl Daily Mois Shampoo Conditioner 190ml,313.00000
Golden Pearl Anti Dandruff Shampoo Conditioner 190ml,313.00000
Loacker Vanilla Wafers 125gm,845.00000
Lady Speed Stick Pure Freshness 45gm,795.00000
Loreal 6 Oil Nourish Jojoba Oil Shampoo 360ml,778.97000
Farm Fresh Golden Eggs 12pcs,360.00000
Youngs Chicken Spread Fajita 200ml,305.00000
Hersheys Cookies N Chocolate 40gm,345.00000
Mitchells Jam Black Currant 300gm,430.00000
Bakea Basil Leaves 30gm,170.00000
Bakea Cinnamon Powder 60gm,260.00000
Vatani Spice Rub Wings Drumsticks 28gm,135.00000
Vatani Beef Burger Masala 170gm,248.00000
Candyland Nu Treat Guilt-free Milk Chocolate 40gm,195.00000
Cow & Gate Almiron Baby Milk 400gm,2595.00000
Ensure Vanilla Nutrivigor 400gm,3695.00000
Blesso Rose Water Spray 120ml,115.00000
Sasso Extra Virgin Olive Oil 500ml,3595.00000
Sasso Olive Oil (btl) 250ml,1025.00000
Molfix Jumbo Diaper 1-84pcs,2245.00000
Kanas Jalapeno Tomato Ketchup 400gm,190.00000
Kanas Bbq Sauce 800gm,425.00000
Shan Lemon Pickle 300gm,320.00000
Frenchs Classic Yellow Mustard 226gm,995.00000
Mitchells Peri Peri Sauce Hot 260gm,345.00000
Salman Tomato Puree 370gm,405.00000
Salmans Chunky Salsa Mediam 370gm,405.00000
Youngs Choco Bliss Hazelnut Spread 675gm,1495.00000
Anne French Rose Hair Removing Cream 80gm,195.00000
Familia Kitchen Roll 2pcs,445.00000
Sateen Soft Festive Pack,276.25000
Shan Shoop Chicken Noodles 4pack,175.00000
Hankies Hip Hop Tissues,130.00000
Mortein Mosquito Killer Peaceful Nights 550ml,1294.98000
Astonish Window Glass Spray 750ml,750.00000
Astonish Carpet And Upholstery 750ml,795.00000
Monsalwa Chicken Cheese Balls 430gm,695.00000
Milk Fields Full Cream Milk 250ml,80.00000
Milk Fields Full Cream Milk 1ltr,299.00000
Blue Band Margarine Spread 50gm,95.00000
Opa 3 Way Vegetable Pouch 500gm,280.00000
Opa 4 Way Vegetable Pouch 500gm,315.00000
Opa Plump Green Peas Pouch 500gm,360.00000
Opa Juicy Strawberry Pouch 500gm,495.00000
Opa Tangy Falsa Pouch 500gm,415.00000
Extra Bubble Mint Sugar Free Chew 10pcs,195.00000
Extra Strawberry Sugar Free Gum 10pcs,195.00000
Extra Spearmint Sugar Free Chew 10pcs,195.00000
Kingtox Triple Action Odourless Blue Spray 600ml,695.00000
Mundial Olive Pomace Oil 3ltr Tin,7195.00000
Mundial Extra Virgin Olive Oil 3ltr,10900.00000
Coroli Corn Oil 4ltr Btl,6495.00000
Coroli Sunflower Oil 3ltr Btl,4595.00000
Coroli Corn Oil 1.8ltr Btl,3195.00000
Coroli Sunflower Oil 1.8ltr Btl,2895.00000
Rivaj Pro Salon Body Wax Srips 20pcs,695.00000
Head & Shoulders Neem Anti Dandruff Shampoo 185ml,460.00000
Dalda Cooking Oil 5ltr Can,2870.00000
Private Club Cinnamon Coffee 50gm,595.00000
Toblerone Milk Chocolate 100gm,695.00000
Butterfly Long Ultra Thin Xxl 16pcs,395.00000
Adams Butter 50gm,195.00000
Mumtaz Table Margarine 200gm,355.00000
Lurpak Butter 200gm Salted,1195.00000
Lurpak Butter Salted 250gm,1345.00000
Lurpak Butter Unsalted 250gm,1345.00000
Mumtaz Table Margarine 500gm,925.00000
Lurpak Unsalted Butter 400gm,2295.00000
National Bombay Biryani Karachi Khas 140gm,265.00000
Olive Grove Classic Spread 375gm,1395.00000
She Is A Clubber Body Spray 150ml,535.00000
Enchanteur Charming Body Wash 550ml,1095.00000
Nivea Frangipani And Oil Shower Gel 250ml,1295.00000
Elmore Soft Vitamin Mois Cream 100ml,415.00000
Elmore Glycerine Chamomile Extract Cream 175gm,665.00000
Funchies Mingalz Choco Filled Crunch 330gm,575.00000
Ponds Triple Vitamin Lotion 100ml,345.00000
Selpak Table Napkin White 75pcs,730.00000
Selpak Deluxe Napkin Printed 20pcs,420.00000
Selpak Pudra Kokulu Perfumed Toilet Roll 4pcs,1295.00000
Vibrant Exfoliating Almond Scrub 200ml,591.00000
Marios Fajita Spaghetti 2in1 250grm,115.00000
Head & Shoulders 2in1 Silky Black Shampoo Conditioner 360ml,1019.95000
Head & Shoulders Classic Clean 2in1 Shampoo Conditioner 190ml,575.00000
Selsun Blue Normal To Oily Shampoo 75ml,395.00000
Palmolive Healthy Smooth Shampoo 700ml,1020.00000
Palmolive Anti Hair Fall Shampoo 180ml,350.00000
American Kuisine Milktella Cocoa Milk Choco Spread 680gm,1695.00000
Kanas Thai Sweet Chili Sauce 200gm,95.00000
Fair & Lovely Moisturising Glow Lotion 200ml,450.00000
Garnier Neem Pure Active Face Wash 100ml,595.00000
Capri Milk Protein Rose Soap 3x120gm,390.00000
Nestle F/v Red Anaar Nectar 1ltr,460.00000
Borges Balsamic Vinegar Of Modena 500ml,1270.00000
Vatika Moroccan Argan Shampoo 360ml,720.00000
Xtra Kleen Toilet Roll 2ply,106.25000
Xtra Kleen Jumbo Roll 2ply 1050sheets,824.50000
Sateen Soft All Rounder Small Tissue Roll,195.50000
Knorr American Barbecue Sauce 800gm,875.00000
Golden Pearl Soldier Body Spray 200ml,450.00000
Golden Pearl Dark Energy Body Spray 200ml,450.00000
Golden Pearl Seduce Body Spray 200ml,450.00000
Golden Pearl Attraction Body Spray 200ml,450.00000
Golden Pearl Flirt Body Spray 200ml,450.00000
Golden Pearl Urge Body Spray 200ml,450.00000
Golden Pearl Golden Touch Body Spray 200ml,450.00000
Golden Pearl Blue Yatch Body Spray 200ml,450.00000
Golden Pearl Passion Body Spray 200ml,450.00000
Black Cat Day Long Fresh Talcum Powder 300gm,450.00000
Alshifa Natural Honey 125gm,745.00000
Medicam Herbal Freshness Tooth Paste 75gm,165.00000
Max Ultra Lemon Dish Wash Yellow 500ml,435.00000
Colour Me Neon Pink Body Spray 150ml,945.00000
Dipitt Natural Pure Vinegar 810ml,225.00000
Dipitt Pasta Sauce Tomato And Basil 290gm,325.00000
Dipitt Oyster Sauce 300ml,425.00000
Dipitt Thousand Island Dressing 290gm,360.00000
Dipitt Chipotle Hot Sauce 290ml,425.00000
Dipitt Worcestershire Sauce 300gm,365.00000
Dipitt Peri Peri Flaming Hot Sauce 290ml,415.00000
Dipitt Peri Peri Mild Lemony Sauce 290ml,415.00000
Shangrila Mix Pickle Jar 800gm,475.00000
Nestle Milo Active Go Powder 500gm,1545.00000
Ponds Super Light Vit-e Gel Jar Cream 50gm,895.00000
Lifebuoy Active Fresh H/w 900ml Save.450/-,810.00000
Lifebuoy Mild Care Hand Wash Refill 400ml,430.00000
Sunsilk Black Shine Shampoo 660ml,1240.00000
Lux Lavender & Lotus Hand Wash  220ml,295.00000
Lux Freesia & Aloe Vera Hand Wash 220ml,295.00000
Vim Lime Dishwash Liquid 500ml,395.00000
Guard Ultimate Basmati Rice 5kg,2345.00000
National Tomato Ketchup 800gm,395.00000
Dettol Skin Care Bundle Soap 110gm*4pcs,532.00000
Sunsilk Black Shine Shampoo 360ml,720.00000
Sunsilk Black Shine Shampoo 185ml,430.00000
Sunsilk Black Shine Conditioner 180ml,460.00000
Sunsilk Thick Long Shampoo 680ml,1240.00000
Sunsilk Thick Long Shampoo 360ml,720.00000
Sunsilk Thick Long Cond 180ml,460.00000
Sunsilk Hair Fall Shampoo 660ml,1239.94000
Sunsilk Long Healthy Growth Shampoo 360ml,720.00000
Loreal Colour Protect Shampoo 175ml,440.02000
Loreal Color Protect Conditioner 175ml,450.02000
Blue Band Margarine Spread 250gm,465.00000
Nestle Milk Pak Dairy Cream 200ml,220.00000
Loreal Dream Long Keratin Shampoo 175ml,440.02000
Loreal Dream Long Keratin Shampoo 360ml,778.97000
Loreal Dream Long Keratin Straight Cond 175ml,450.02000
Palmolive Intensive Moisture Shampoo 680ml,1020.00000
Lifebuoy Herbal Shampoo 650ml,944.95000
Lifebuoy Herbal Strong Shampoo 370ml,595.01000
Lifebuoy Herbal Shampoo 175ml,360.01000
Lifebuoy Silky Soft Shampoo 370ml,595.00000
Lifebuoy Silky Soft Shampoo 175ml,360.00000
Lifebuoy Amla Reetha Nat.lshamp 175ml,360.00000
Lifebuoy Amla Reetha Nat.l Shamp 370ml,595.01000
Lifebuoy Naturally Strong Shampoo 175ml,360.01000
Loreal Hyaluron Moisuture Shamp 360ml,844.99000
Loreal Hyaluron Mois.shamp 175ml,494.98000
Loreal 6oil Nourish Shampoo 175ml,440.02000
Loreal 6oil Nourish Conditioner 175ml,450.02000
Loreal Dream Long Restoring Shampoo 175ml,440.02000
Loreal Dream Long Restoring Cond 175ml,450.02000
Loreal Total Repair 5 Conditioner 175ml,450.02000
Loreal Elvive Fall Resist Shampoo 175ml,440.02000
Loreal Elvive Fall Resist Conditioner 175ml,450.02000
Golden Pearl Hello Anti Dandruff Sham/cond 385ml,574.00000
Golden Pearl Hello Egg Protein Sham/cond 385ml,574.00000
Golden Pearl Hello Herbal Sham/cond 385ml,595.00000
Golden Pearl Hello Daily Mois Sham/cond 385ml,574.00000
Golden Pearl Set Touch Rich Black Shamoo 360ml,571.00000
Golden Pearl Set Touch Long Strong Shampoo 360ml,545.00000
Golden Pearl Set Touch Long Strong Shampoo 180ml,365.00000
Xtra Cleen Toilet Roll Twin Pack 2ply,199.00000
Sateen Soft All Rounder Kitchen Roll Twin Pack,756.00000
Rose Petal Essential Tissue 2ply,139.99000
Sateen Soft All Rounder Kitchen Roll Large,1190.00000
Xtra Cleen Kitchen Towel Twin Pack 2ply,501.00000
Xtra Kleen Pop Up Tissue Blue 300sheets,204.00000
Sateen Soft Vogue Blue,255.00000
Colgate Plax Peppermint Mouth Wash 500ml,1045.00000
Sateen Cotton Dry Wipes Perfumed 3x,297.00000
Dipitt Peri Peri Med Zesty Sauce 290ml,415.00000
Dipitt Honey Mustard Sauce 290gm,495.00000
Dipitt Thousand Island Creamy Dressing 400gm,380.00000
Rose Petal Occasions Tissue 2ply,419.98000
Dipitt Smokey Bbq Sauce Pouch 400gm,375.00000
Rose Petal Zzoop Maxi Roll,895.00000
Butterfly Breathables Maxi Thick Long 30+2 Pcs,975.04000
Butterfly Ultra Thin Long 18pcs,395.01000
Butterfly Mother Comforts Ultra Long 16pcs,375.00000
Butterfly Ultra Ultra Thin Extra Long 7pcs,199.00000
Always Cottony Soft Maxi Thick Long 6pads,205.00000
Butterflymother Comforts Extra Large 10pcs,260.00000
Butterfly Stickon Med 16pcs,304.99000
Butterfly Breathables Ultra Thin Extra Large 7pcs,305.00000
Derma Shine Avocado Wax 400gm,1695.00000
Molped Maxi Thick Pad Long 9pcs,315.00000
Youngs Real Mayonnaise Pouch 900ml,935.00000
Youngs Chicken Spread Fajita 500ml,695.00000
Youngs Sandwich Spread 200ml,225.00000
Youngs Mayo Chup Sauce 200ml,185.00000
Dipitt Classic Mayo Light Creamy P.b 800gm,520.00000
Dipitt Spicy Mayo Smokey Creamy 400ml,435.00000
Easy Fresh Hair Removal Cream 100ml Cucumber,295.00000
Horlicks Chocolate Jar 400gm,1295.00000
Youngs Choco Bliss Peanut Spread Jar 350gm,745.00000
Youngs Choco Bliss Double Chocolate Spread 350gm,845.00000
Youngs Thousand Island Salad Dressing 500ml,635.00000
Youngs Thousand Island Salad Dressing 275ml,415.00000
Youngs Ranch Sauce 500ml,650.00000
Youngs French Dressing 275ml,410.00000
Youngs French Dressing 500ml,635.00000
Swat Acacia Honey 250gm,350.00000
Laziza Rabri Falooda Mix 200gm,210.00000
National Mango Jelly 80gm,170.00000
Nestle Milk Pak Full Cream Milk 1ltr,340.00000
Milk Fields Strawberry Milk 180ml,80.00000
Omung Doubala Cream 200ml,135.00000
Olpers Chaunsa Mango Flav Milk 180ml,85.00000
Milk Fields Chocolate Flav Milk 180ml,80.00000
Nestle Lactogen (1)  800gm,2745.00000
Nestle Everyday Pwd Mix Chay 230gm,475.00000
Nestle Everyday Original 560gm,1135.00000
Nestle Cerelac Yellow Fruits 175gm,530.00000
Nestle Bunyad Powder Pouch 260gm,485.00000
Nestle F/v Red Grapes Spain 1ltr,410.00000
Nestle Pure Life Active Water 500ml,50.00000
Nestle F/v Red Grapes Spain 200ml,67.00000
Nestle F/v Royal Mangoes Nector 200ml,65.00000
Nestle F/v Peach Fruit Drink 200ml,67.00000
Nestle Pre Nan From Birth 400gm,1945.00000
Loreal Fall Resist Reinforcing Shampoo 360ml,778.97000
Loreal Elvive Color Protect Shampoo 360ml,770.00000
Butterfly Long Ultra Thin Xxl 32pcs,775.02000
Tresemme Keratin Smooth Shampoo 360ml,845.00000
Qarshi Jam-e-shere 500ml,285.00000
Life Style Sharbat Phalsa 800ml,595.00000
Marhaba Sharbat Elaichi 800ml,425.00000
Life Style Shan-e-mashriq Sharbat 1500ml,549.00000
Tresemme Keratin Smooth Shampoo 650ml,1445.00000
Tresemme Botanique Coconut Shampoo 360ml,845.00000
Tresemme Botanique Coconut Shampoo 650ml,1445.00000
Ariel Machine Expert 400gm,365.00000
Tresemme Color Revitalise Shampoo 360ml,795.00000
Ariel Machine Expert 2kg,1745.02000
Sufi Detergent Powder 1kg,450.01000
Tresemme Keratin Smooth Shampoo 170ml,505.00000
Breeo Detergent Powder 2kg,895.00000
Twin Detergent Powder Lemon 1000gm,335.00000
Dove Dryness Care Shampoo 175ml,495.00000
Twin Detergent Powder Flower 1000gm,335.00000
Twin Flower Detergent Powder 500gm,170.00000
Twin Lemon Detergent Powder 500gm,170.00000
Tresemme Keratin Smooth Cond 360ml,875.00000
Safon Dishwash Long Bar 260gm,65.00000
Fine Classic Tissue 150*2ply,330.00000
Papia Kitchen Towel 2pcs,565.00000
Molfix Pants Junior 5 44pcs,2149.00000
Familia Anti Bacterial Soft Tissue 2 Ply,345.00000
Tresemme Botanique Coconut Cond 360ml,845.00000
Golden Pearl Hello Hour Herbal Sham/cond 190ml,313.00000
Oasis Lemonade Hand Wash 500ml,195.00000
Protex Gentle Bundle Soap 3in1 130*3pcs,399.00000
Protex Aloe Bundle Soap 3in1 130*3pcs,395.00000
Protex Balance Bundle Soap 130gm*3pcs,369.00000
Palmolive Radiant Glow Bundle Soap 130gm*3pcs,415.00000
Palmolive Refreshing Glow Soap 130gm,145.00000
Palmolive Ref.glow Bundle Soap 98gm*5pcs,565.00000
Palmolive Flawless Glow Soap 130gm,145.00000
Brite Anti-bacterial 500gm,299.00000
Brite Anti-bacterial 1000gm,595.00000
Bonus Tristar Surf 1500gm,329.99000
Bonus Tristar Surf 430gm,95.00000
Lux Soft Touch Body Wash 500ml,995.00000
Surf Excel Liquid Detergent 1000ml,745.00000
Delmonte Pineapple Tidbits Slices 560gm,995.00000
Dole Pineapple Tidbits Tin 432gm,625.00000
American Garden Sweet Corn Whole Kernel 400gm,545.00000
Figaro Slice Black Olive 3kg,4195.00000
Rossmoor Mustard Powder 100gm,134.00000
Bakea Cooking Chocolate Milk 450gm,770.00000
Crave Premium Dark Cooking Choc.500gm,1195.00000
Bakea Cooking Chocolate Dark 450gm,790.00000
Bakea Pancake Mix Original 450gm,450.00000
Bakea Red Velvet Cake Mix 430gm,380.00000
Bakea Pancake Mix Butter Milk 450gm,460.00000
Bakea Caster Sugar 300gm,150.00000
Bakea Brown Sugar 300gm,160.00000
Bakea Icing Sugar Premium 300gm,145.00000
Bakea Chocolate Fudge Browine Mix 480gm,470.00000
Bakea Chocolate Cake Milk Mix 430gm,400.00000
Bakea Baking Powder 100gm,130.00000
Bakea Premium Cocoa Powder 200gm,800.00000
Dewdrop B/b Topping Filling 595gm,1395.00000
Bakea Baking Soda 100gm,90.00000
Bakea White Cooking Chocolate 200gm,360.00000
Bakea Premium Cocoa Powder 100gm,410.00000
Bakea Real Chocolate Chip Box 85gm,195.00000
Bakea Milk Cooking Chocolate 200gm,350.00000
Bakea Cocoa Powder 200gm Dutch,750.00000
Dove Deeply Nourishing Body Wash 200ml,495.00000
Nexton Hair Body Wash 250ml,665.00000
Selpak Tissue Paper 50pc 3ply,520.00000
Hankies Big Ones Tissues 4pc,425.00000
Hankies Multi Rolls 2ply,230.00000
Kala Kola Hair Color No.02,270.00000
Kala Kola Hair Color No.04,270.00000
Glow & Lovely Hydraglow Rose Cream 60gm,545.00000
Care Fairness Honey Lotion 190ml,665.00000
Max Dishwash Powder Lemon 430gm,135.00000
Lemon Max Dishwash Liquid Ab 750ml,435.01000
Nestle F/v Sparkling Apple Drink Can 250ml,140.00000
Lemon Max Original Yellow Paste 750gm,399.00000
Murree Brewery Bigg Apple Drink Can 250ml,80.00000
Murree Brewery Peach Malt Can 250ml,80.00000
Murree Brewery Malt 79 Drink Can 250ml,80.00000
Murree Brewery Lemon Malt Can 250ml,80.00000
Max Lemon Diswash Paste Orignal 750gm,399.00000
Vim Lime Gel Dishwash Liquid 250ml,240.00000
Vim Lemon Dishwash Liquid 500ml,395.00000
Sufi Safon Lemon Dishwash Liquid 475ml,235.00000
Sufi Safon Dish Washing Powder 800gm,145.00000
Jolen Creame Bleach 28gm Reg,1195.00000
Nivea Natural Glow Cool Fresh Lotion 400ml,2095.00000
Astonish Starch Spray 750ml,750.00000
Pampers Diaper Jumbo No.4 25pcs,1435.00000
Pampers Pants Junior No.5.22pcs,1435.00000
Pampers Pants Extra Large No.6 19pcs,1435.01000
Pampers Pants Maxi No.4 50pcs,2494.92000
Pampers Pants Medium No.3 56pcs,2495.00000
Astonish Cool Eucalyptus Limescale Remover 750ml,750.00000
Astonish Pome Raspberry Surface Cleanser 750ml,750.00000
Astonish Orange Grove Surface Cleaner 750ml,750.00000
Harpic Power Plus Citrus Toilet Cleaner 900ml,1016.05000
Harpic Power Plus Lav Toilet Cleaner 900ml,998.99000
Kingtox Green Coil 10pcs,95.00000
Mortein Odourless Flying Insect Killer 750ml,1420.00000
Kingtox Black Insect Killer 300ml,415.00000
Kingtox Blue 300ml,414.99000
Nexton Sweet Love Baby Cologne 80ml,474.00000
Nexton Fresh Baby Love Cologne 80ml,474.00000
Nexton Secret Love Baby Cologne 80ml,474.00000
Nexton Dream Love Baby Cologne 80ml,474.00000
Derma Shine Rose Toner 295ml,610.00000
Vince Lightnix Charcoal Mask 120ml,880.00000
Molfix Midi Pants Jumbo No.3-56pcs,2149.00000
Molfix Diaper Jumbo 6 38pcs,2245.00000
Molfix Pants Extra Large No.6 38pcs,2149.00000
Molfix Maxi Diaper Mega No 4 72pcs,2994.87000
Molfix Extra Large Diaper Mega 6 54pcs,2994.87000
Nexton Extra Senstive Baby Wipes 64pcs,420.00000
Daneen Sun Block Spf.60 Tube 100ml,1095.00000
Cadbury Bubbly Milk Chocolate 20gm,99.00000
Cadbury Dairy Milk Roast Almond 38gm,195.00000
Cadbury Dairy Milk Chocolate 90gm,390.00000
Hilal Fresh Up Xtra Strawberry 2x Box 36pcs,245.00000
Hilal Khopra Candy Pouch 35pcs,85.00000
Hilal Super Sour Fruity Candy Pouch 35pcs,65.00000
Foxs Fruity Mints Candy 90gm,265.00000
Foxs Clear Fruits Candy 90gm,265.00000
Foxs Clear Mints Candy 90gm,265.00000
Korneez Chocolate Pop Corn 45gm,110.00000
Haribo Gold Bear Jelly 80gm,545.00000
Haribo Funny Mix Jelly 80gm,486.00000
Daneen Under Eye Treatment 15gm,695.00000
Daneen Anti Aging Night Supplement 50gm,1195.00000
Ponds Light Mois Glowing Skin Soft Cream 75gm,405.00000
Vibrant Watermelon Exfoliating Face  Wash 200ml,691.00000
Himalaya Detoxifying Charcoal F/w 150ml,695.00000
Ponds Pure Detox Charcoal Face Wash 100gm,495.00000
Himalaya Detoxifying Charcoal F/w 100ml,545.00000
Ponds Acne Control Face Wash 100gm,495.00000
Ponds Acne Control Pimples F/w 50gm,285.00000
Vince Naturex Lemon F/w 120ml,370.00000
Vince Rose Pinkish Glow Pink F/w 120ml,480.00000
Garnier Men Power White 2in1 Mint White Clay Face Wash 50ml,419.99000
Daneen Acne Pimple Face Wash Tube 100ml,445.00000
Daneen Hyaluronic Acid Face Wash Tube 100ml,445.00000
Rivaj Gold Sheet Mask 3*25ml,585.00000
Sudocrem Antiseptic Healing Cream 60gm,1095.00000
Nexton Mild Gentle Baby Bath 250ml,570.00000
Mothercare Baby Lotion Pink 300ml,645.00000
Gillette Blue 3 Flexi Blades Pouch 3pcs,560.00000
Gillette Proglide 5 Power Blade 4pcs,5995.00000
Gillette Venus Smooth 3 Blade 4 Pc,4095.00000
Gillette Venus Comfort Glide Breeze 3 Blade 2 Pcs,3095.04000
Gillette Venus Smooth 3 Blades 2 Pc,2595.00000
Stillmans Petrolleum Jelly Red 100gm,310.00000
Vaseline Blue Seal Vitamin E Jelly 50ml,245.00000
Denim Original After Shave 100ml,895.00000
Shezan Chilli Garlic Sauce 400gm,175.00000
Cbc Pure White Coconut Oil 680gm,945.00000
Golden Pearl Charge Body Spray 200ml,450.00000
Nike Woman Eau De Toilette 200 Ml,940.00000
Golden Pearl Leader Body Spray 200ml,450.00000
Colour Me Sky Blue Body Spray 150ml,1024.00000
Bakea Blue Food Color 10gm,160.00000
Kiwi White Cleaner Liquid 100ml,190.00000
Kiwi White Cleaner Liquid 200ml,275.00000
Seasons Corn Oil 4.5ltr Btl,2974.93000
Blue Band Margarine Spread 475gm,850.00000
Wheat Porridge Roasted 400gm,120.00000
She Is Happy Body Sapry 150ml,535.00000
She Is Special Body Spray 150ml,525.00000
Nivea Cool Kick Body Spray 150ml,1099.00000
Body Luxuries Miracle Perfumed Body Spray 155ml,595.00000
Body Luxuries Beautiful Perfumed Body Spray 155ml,595.00000
Body Luxuries Bloom Perfumed Body Spray 155ml,595.00000
Body Luxuries Sexy Perfumed Body Spray 155ml,595.00000
Body Luxuries Xxx Perfumed Body Spray 200ml,675.00000
Lady Speed Bio Control Stick 45gm,795.00000
Calvin Klein Ck Be Edt 100ml,6400.00000
Calvin Klein Eternity For Men Edt 100ml,10900.00000
Barley Porridge Roasted 400gm,130.00000
Number 1 Bloom Washing Powder 900gm,275.00000
Anhaar Greek Style Mango Yogurt 250gm,215.00000
Anhaar Greek Style Stw Yogurt 250gm,215.00000
Lipton Danedar Strong Tea Jar 475gm,1495.00000
Golden Pearl Rose Water & Lemon Extract Skin Shiner 120ml,160.00000
Embrace Essentials Maxi Extra Long Napkin 8pcs,275.00000
Quaker White Oats 500gm Tin,995.00000
Tapal Green Tea Lemon Grass Jar 100gm,285.00000
Garnier Hair Color Sach No.1.0,165.00000
Klassno Classic Coffee Bean Jar 100gm,1465.00000
Cadbury Dairy Milk Chocolate 36gm,125.00000
Lifebuoy Total 10 Refill Hand Wash 900ml,810.00000
Lifebuoy Mild Care Hand Wash 900ml,795.00000
Vital Tea Pouch 500gm,945.00000
Prema Desi Ghee Tin 800gm,3395.00000
Dalda Cooking Oil 10ltr Can,5690.00000
Murree Brewery Lemon Malt Glas 250ml,75.00000
Borges Extra Light Olive Oil 4ltr Tin,17500.00000
Olive Grove Lite Reduced Fat 500gm,1540.00000
Nurpur Mozzarella Cheese 200gm,670.00000
Nestle Unsweetened Yogurt 400gm,255.00000
Nestle Podina Raita 250gm,185.00000
Nestle Zeera Raita 220gm,185.00000
Quick Pizza Crust Large,250.00000
Quick Pizza Crust Small,200.00000
Shayan Frozen Puri 10pcs,250.00000
Shayan Puff Pastry 400gm,400.00000
Opa Hearty Broccoli Pouch 300gm,230.00000
Adams Burger Singles 1kg,1995.00000
Adams Danish Mozzarella Cheese 2kg,4745.00000
Mundial Extra Virgin Olive Oil 500ml,2695.00000
Dalda Olive Oil Extra Virgin Spain 250ml,1235.00000
Italia Black Sliced Olives 900gm,1795.00000
Italia Green Plain Olives 935gm,1795.00000
Italia Pitted Green Olives 450gm,1795.00000
Nestle Everyday Kashmiri Chai P.b 180gm,610.00000
Figaro Pitted Green Olives 450gm,1095.00000
Figaro Sliced Green Olives 340gm,845.00000
Figaro Plain Green Olives 340gm,895.00000
Figaro Pitted Green Olives 340gm,845.00000
Figaro Pitted Green Olives 920gm,2095.00000
Figaro Plain Green Olives 575gm,2095.00000
Sunbeam Talbeena Vanilla 200gm,315.00000
Swat Acacia Honey 270gm,465.00000
Pur Feeding Bottle (s) 60ml 9024,995.00000
Pur Feeding Bottle 8oz 240ml No.89018,1265.00000
Lifebuoy Naturally Strong Shampoo 370ml,595.01000
Pk Chicken Nuggets 312gm,535.00000
Youngs Chicken S/f Chilli Lime Jar 140gm,390.00000
Youngs Chicken S/f Chilli Lime Jar 275gm,650.00000
Youngs Chicken S/f Chapli Jar 140gm,390.00000
Youngs Chicken S/f Chapli Jar 275gm,645.00000
Youngs Chicken S/f Malai Jar 275gm,650.00000
Youngs Chicken S/f Garlic Jar 140gm,390.00000
Youngs Chicken S/f Garlic Jar 275gm,650.00000
Nestle F/v Apple Nectar 200ml,65.00000
American Garden Jalapeno Peppers Slice 473ml,875.00000
Suree Chilli Paste Soya Bean Oil 227gm,865.00000
American Garden Black Olives Whole 450gm,1145.00000
American Garden Green Olives Sliced 450gm,1145.00000
Canderel Stevia Calorie Sweetener 100 Tablets,360.00000
Kernelpop English Popcorn 300gm*3pcs,465.00000
Kernelpop Caramel Popcorn Jar 88gm,105.00000
Dipitt Sriracha Extra Hot Sauce 510gm,450.00000
Max Rose Fresh Cleaner 1ltr,845.00000
Max Lavender Fresh Cleaner 1ltr,845.00000
"Dettol Citrus 3x Cleaner 1ltr,500ml Promo",2194.92000
Dettol Citrus Cleanrer 1ltr Promo,2895.13000
Dettol Floral Floor Cleaner Mega Saver Pack,2194.92000
Lifebuoy Mild Care Hand Wash Pump 200ml,240.00000
Palmolive Hand Wash Milk Honey 450ml,520.00000
Palmolive Aloe Vera Hand Wash 450ml Refill,445.00000
Lipton Juicy Mango Green Tea Bag 25pcs,295.00000
Lipton Danedar Strong Tea Pouch 430gm,1095.00000
Sunridge High Fiber Atta 2kg,244.00000
Sunridge Premium Basmati Rice 5kg,2156.00000
Sunridge Premium Maida Pouch 500gm,85.00000
Dalda Canola Oil 10ltr Can,5695.00000
Dalda Canola Oil 16ltr Can,9045.00000
Dalda Sunflower Oil 4.5ltr Btl,2620.00000
Dalda Corn Oil 3ltr Btl,1995.00000
Eva Sunflower Oil 5ltr Btl,2920.00999
Sufi Sunflower Oil 10ltr Jcn,5795.00000
Seasons Canola Oil 3ltr Btl,1694.92000
Seasons Cooking Oil 1x5ltr,2700.00000
Falak Dahi Bara Masala 80gm,315.00000
Falak Onion Powder Rich Flavor 60gm,345.00000
Falak Gourmet Texas Burger 80gm,295.00000
Falak Sizzling New York Steak 80gm,395.00000
Falak Nashville Hot Chicken 75gm,295.00000
Bakea Five Spice 60gm,300.00000
Bakea Tarragon Herbs 20gm,320.00000
Bakea Parsley Flakes 15gm,215.00000
Bakea Garlic Powder 75gm,215.00000
Bakea Onion Powder 70gm,350.00000
Shams Banaspati 1x5kg,2525.00000
Dalda Extra Virgin Olive Oil 4ltr Tin,11899.41000
Meow Mix Orignal Choice Cat Food 510gm,1795.00000
Reggia Fusilli Pasta 500gm #48,395.00000
Reggia Nutri Bio Spaghetti Pasta 500gm,595.00000
Borges Fusilli Pasta 500gm,645.00000
Borges Farfalle Pasta 500gm,645.00000
Borges Penne Rigatei 500gm,645.00000
Energizer Max Aaa Cell 15+5,2796.00000
Youngs Sriracha May Sauce 500ml,530.00000
Fair & Lovely Advanced Multi Vitamin Cream 65ml,395.00000
Embrace Essentials Maxi Extra Long Napkin 16pcs,545.00000
Mont Blanc Explorer Edp 100ml,14900.00000
Dior Sauvage Eau De Parfum 100ml,43900.00000
Bake Parlor Balti Macaroni 250gm,140.00000
Marios Twisted Elbow Macaroni 400gm,175.00000
Marios Penne Macaroni 400gm,175.00000
Kolson Kai Spicy Mala Noodle Cup 72gm,245.00000
Nissin Cup Noodles Chicken 67gm,385.00000
Gekikara Ramen Hot Carbo Noodle 120gm,385.00000
Gekikara Ramen Extra Hot Chicken Noodle 121gm,395.00000
Gekikara Ramen Hot Spicy Mushroom Noodle 109gm,385.00000
Nivea Men Cook Kick 3in1 Stick 50ml,890.00000
Rivaj Uk Photoready Mineral Powder No.2,790.00000
Rivaj Uk Fantasy Contour Palette No.02,630.00000
Vince Aloe Vera & Cucum Toner 120ml,460.00000
Vince Niacinamide Zinc Serum 30ml,1960.00000
Dermacos Detpxofying Hexagonal Cleanser 200gm,590.00000
Co Natural Rose Face Wash 150ml,1099.00000
Co Natural Hydrating Aloe Vera Face Wash 150ml,1220.00000
Derma Shine Vitamin C Skin Glow Serum 50ml,895.00000
Ponds Triple Vitamin Lotion 200ml,595.00000
Nestle Bunyad Powder Pouch 900gm,1695.00000
Nestle Everyday Kashmiri Chai 18gm,75.00000
Sufi Detergent Powder 3kg,1335.00000
Gillette Blue2 Plus Razor 5+1 Pcs,730.00000
Twin Detergent Powder Flower 5kg,800.00000
Yupi Aquarium Jelly 14gm,65.00000
Shangrila Buffalo Sauce 60ml,199.00000
Shangrila Chipotle Sauce 60ml,199.00000
Shangrila Buffalo Sauce 285gm,370.00000
Loreal Glycolic Bright Cleanser Foam 100ml,795.00000
Embrace Maxi Sensitive Napkin  Extra Long 26pcs,895.00000
Molfix Junior Diaper Mega 5-62pcs,2994.87000
Weetabix Chocolate 500gm,2045.00000
Weetabix Crispy Minis Choco Cereal 500gm,1895.00000
Weetabix Weetos Choco Cereal 375gm,1845.00000
Ludo Magnetic # 8583,795.00000
Loreal Glycolic Bright Instant Serum 30ml,2395.00000
Nestle Milk Pak Low Fat Yogurt 450gm,225.00000
Butterfly Besties Ultra Thin Napkin Long 8pcs,305.00000
Butterfly Besties Ultra Thin Napkin Regular 8pcs,305.00000
Butterfly Maternity Pads 12pcs,350.00000
Butterfly Maxi Thick Dreamy Nights Napkin Xl Pink 8pcs,315.00000
Butterfly Maxi Thick Napkin Long 30pcs,845.00999
Butterfly Maxi Thick Napkin Value Long 18pcs,540.00000
Big Bird Chicken Chapli Kabab 912gm,1130.00000
Molfix Pants Jumbo Maxi No.4-50pcs,2149.08000
Klassno Cappuccino Vero Gusto 25gm,125.00000
Klassno Hot Chocolate Coffee Sach 25gm,95.00000
Big Bird Plain Paratha 20pcs,880.00000
Butterfly Maxi Thick Dreamy Night Napkin Xl 8pcs,315.00000
Embrace Essentials Maxi Long Napkin 9pcs,275.00000
Creme 21 Aloe Fresh Petroleum Jelly 100ml,545.00000
Embrace Maxi Essentials Extra Long Napkin 26pcs,835.00000
Gillette Arctic Ice Deo Stick 70ml,1050.00000
Gillette Sport Triuph Deo Stick 70ml,1050.00000
Gillette Power Rush Deo Stick 70ml,1050.00000
Old Spice Wolfthorn Deo Stick 50ml,1019.00000
Old Spice Original Deo Stick 50ml,1045.00000
Bona Papa Extra Soft Wet Towel Wipes 72pcs,169.00000
Colgate Extra Clean 2+1 Tooth Brush Soft,199.00000
Nestle Koko Krunch Cookie Cereal 330gm,1695.00000
Tropicana Stevia Sweetener 62.5gm 25 Sach,565.00000
Astonish Car Care Spray N Shine 750ml,647.00000
Lifebuoy Total 10 Hand Wash Refill 400ml Promo,430.00000
Eu Men Normal Skin Hair Removal Cream 50gm,245.00000
Sucral Zero Calorie Box Inside 200 Sachet,1075.00000
Youngs Chicken Spread Black Pepper 500ml,665.00000
Youngs Chicken Spread Black Pepper 200ml,285.00000
Molfix Diaper Maxi No.4 25pcs,1295.00000
Nutro Kreme Wafers Strawberry 150gm,655.00000
Eu Men Hair Removal Cream Sensitive Skin 50gm,245.00000
Number 1 Washing Powder 470gm,95.00000
Nescafe Salted Caramel Ice Coffee 23gm,90.00000
Eveready Heavy Duty Cell Sw4 Aaa 4pcs,182.00000
Molfix Junior Diapers No.5-22pcs,1295.00000
Molfix Midi Diaper Mega 3-80pcs,2994.87000
Pampers Jumbo Pants No.5-44pcs,2494.92000
Momse Sensitive Baby Wipes 66pcs,299.00000
Nestle F/v Apple Nectar 1ltr,365.00000
Veet Sensitive Skin Wax Strips 12pcs,695.00000
Molfix Baby Pant Xx.l No.7 27pcs,2149.00000
Shams Canola Cooking Oil 1x5pcs,2525.00000
Rose Petal Occasions Tissue 2ply,419.98000
Nivea Women Pearl Beauty Body Spray 150ml,1295.00000
Rivaj Oatmeal Brightening Facial Mask 200ml,490.00000
Rivaj Multi Vitamin Brightening Massage Cream 200ml,490.00000
Co Natural Nourishing Hair Mask Jar 300gm,3186.00000
Rivaj Milk Extract Brightening Face Wash 50ml,190.00000
Rivaj Spf 60 Sunblock 40ml,270.00000
Klassno Gold Coffee Jar 50gm,1195.00000
Ensure Vanilla Milk Tin 850gm,5995.00000
Similac Gold Hmo Milk Tin 400gm,2945.00000
Ponds Triple Vitamin Lotion 400ml,1145.00000
Murree Brewery Peach Malt Glas 250ml,75.00000
Saeed Ghani Tea Tree & Neem Face Wash 100ml,485.00000
Gatorade Blue Bolt Drink 500ml,100.00000
Toshiba Cell 2tgte,204.00000
Funchies Mingalz Choco Filled 20gm,25.00000
Vibrant Coconut Exfoliating Scrub 200ml,695.00000
Vibrant Pink Guava Creamy Scrub 200ml,695.00000
Lady Speed Wild Freesia Stick 65gm,995.00000
Johnsons Milk Rice Baby Lotion 100ml,382.00000
Youngs Peanut Butter Creamy 450gm,945.00000
Youngs Peanut Butter Creamy 340gm,745.00000
Youngs Peanut Butter Crunchy 450gm,945.00000
Garnier Vitamin C Micellar Water 400ml,1495.00000
Dove Nourishing Oil Care Shampoo 360ml,794.99000
Breeo Detergent Powder 1kg,495.02000
Dipitt Hot Sauce 60ml,185.00000
Murree Brewery Lychee Glas 250ml,75.00000
Pampers Eco Diaper No.2-35pcs,1435.00000
Gatorade Lemon Lime Drink 500ml,100.00000
Lotus Biscoff Smooth Spread 400gm,1995.00000
Gillette Blue2 Plus Razor Pouch 10+4 Pcs,1699.00000
Gillette Blue3 Comfort Slalom Razor P.b 6+2,1785.00000
Gillette Mach3 Razor Blade 7+1 Pcs,4295.00000
Gillette Mach3 Turbo 3d Ball Razor 1+6pcs,4895.00000
Private Club Caramel Coffee 100gm,1145.00000
Vibrant Cocoa Butter Creamy Scrub 200ml,695.00000
Vibrant Coconut Hydrating  Face Wash 200ml,695.00000
Vibrant Pear Mint Cleansing Polish 200ml,695.00000
Nestle F/v Chunsa Mango Nectar 1ltr,365.00000
Murree Brewery Apple Malt Glas 250ml,75.00000
Murree Brewery Malt 79 Glas 250ml,75.00000
Murree Brewery Cindy Malt Btl 250ml,75.00000
Dove Dryness Care Shampoo 360ml,830.00000
Nestle Gold Corn Flakes Tasty Crunchy 375gm,1045.00000
Foxs Berries Candy 90gm,265.00000
Nivea Women Radiance Vit-c Stick 50ml,890.00000
Nivea Women Pearl Beauty Stick 50ml,1295.00000
Alshifa Natural Honey 400gm,2195.00000
Alshifa Natural Honey 250gm Btl,1445.00000
Alshifa Acacia Honey 250gm,2295.00000
Rivaj Uk Glowing Serum Sheet Mask 3x25ml,585.00000
Vaseline Healty Bright Spf 24++ Lotion 200ml,695.00000
Olpers Full Cream Milk Pouch 125ml,55.00000
Lemon Max 3x Dishwash Liquid 750ml,345.00000
Fruit Tree Black Currant Sugar Free Jam 270gm,595.00000
Rose Petal Party Pack Pink,230.00000
Cadbury Dairy Milk Chocolate Mini Bags 144gm,695.00000
Tiffany Delights Shortbreads 200gm,1395.00000
Marios Tomato Ketchup 800gm,295.00000
Cadbury Drinking Chocolate 500gm,2095.00000
Nescafe Classic Coffee 100gm Imp,1495.00000
Oreal Chicken Cube Powder 20gm,55.00000
Shangrila Honey Mustard 227gm,635.00000
Tresemme Bondplex Sleek Shampoo 360ml,845.00000
Bigpaw Chicken Dog Food Adult 3kg,2095.00000
Pedigree Jumbone Beef Poultry Dog 2pcs,600.00000
Rivaj Uk All Day Intense Lip Gloss No.18,400.00000
Rivaj Nail Polish Remover Wipes Charcoal,165.00000
Rivaj Uk 36 Colors Makhmali Eyeshadow No.02,1245.00000
Rivaj Splendid Extra Eye Liner,375.00000
Tresemme Color Vibrance Shampoo 650ml,1395.00000
Lipton Yellow Label Tea 900gm,2195.00000
Nair Hair Removing Lotion Jar Lemon 120ml,695.00000
Mughal Royal Diamond Rice 5kg,2175.00000
Dermacos Multi Vitamin Cream 200gm,555.00000
Dermacos Cooling Cucumber Cleanser 200gm,595.00000
Astonish Black Shine Restorer 750ml,647.00000
Astonish Vinyl Trim Dashboard Cleaner 750ml,647.00000
Astonish Engine Degreaser 750ml,647.00000
Astonish Car Leather Cleaner 750ml,647.00000
Garnier Acne Prone Booster Serum 30ml,1895.05000
Garnier Fast Clear Daily Exfoliating Face Wash 50ml,320.00000
Garnier Fast Clear Daily Exfoliating Face Wash 100ml,545.01000
Sunsilk Onion Jojoba & Oil Shamp 380ml,765.00000
Loreal Glycolic Bright Instant Serum 15ml,1595.00000
Loreal Revitalift Hydrating Day Cream  50ml,3795.00000
Loreal Aura Perfect Night Cream 50ml,3695.00000
Rivaj Lemon Honey Wax Strips 20pcs,695.00000
Rivaj Rose Beads Depilatory Wax 150gm,575.00000
Saeed Ghani Onion Shampoo 200ml,395.00000
Saeed Ghani Vitamin C Lotion 200ml,485.00000
Saeed Ghani Vitamin C Lotion 100ml,295.00000
Saeed Ghani Vitamin C Cream Jar 60gm,445.00000
Saeed Ghani Oil Free Moisturizing Cream Jar 60gm,395.00000
Saeed Ghani Sandal Face Wash 60ml,275.00000
Saeed Ghani Night Cream Jar 40gm,795.00000
Saeed Ghani Vitamin C Serum 30ml,1045.00000
Treet Shaving Foam Original 200ml,445.00000
Treet Shaving Foam Classic 400ml,635.00000
Max Lavender Surface Cleaner P.b 1ltr,735.00000
Max Lemon Surface Cleaner P.b 1ltr,735.00000
Max Rose Surface Cleaner P.b 1ltr,735.00000
Tresemme Keratin Smooth Conditioner 160ml,510.00000
Tresemme Bondplex Sleek Conditioner 360ml,875.00000
Garnier Salicylic Bha Micellar Water 125ml,845.00000
Daneen Coconut Scrub Jar 150gm,595.00000
Daneen Apricot Scrub Jar 150gm,595.00000
Nestle Everyday Karak Chai 17gm,75.00000
Care Baby Diaper Eco (xxl) 30pcs,1245.05000
Care Baby Diaper Eco (s) 24pcs,635.00000
Care Baby Diaper Eco (xl) 18pcs,635.00000
Care Baby Diaper Eco New Born 52pcs,1185.01001
Ponds Gluta Niacinamide Serum 30ml,1275.00000
Nurpur Desi Ghee Tin 870gm,2595.00000
Care Baby Diaper Eco (s) 48pcs,1185.01001
Care Baby Diaper Eco (m) 44pcs,1185.01001
Care Baby Diaper Eco (xl) 36pcs,1245.05000
Care Baby Diaper Eco (l) 40pcs,1185.01001
National Italian Red Sauce 335gm,400.00000
National American Bbq Sauce 315gm,370.00000
National Peri Peri Sauce 280gm,435.00000
National American Hot Sauce 290gm,350.00000
National Thai Sriracha Sauce Btl 400gm,390.00000
Coco Queen Coconut Drink Tin 310ml,395.00000
Youngs Peanut Butter Crunchy 340gm,745.00000
Lipton Green Tea Lemon Honey Tea 25pcs,295.00000
Coco Queen Strawberry Drink 320ml,310.00000
Coco Queen Pineapple Drink 320ml,310.00000
Coco Queen Mango Drink 320ml,310.00000
Coco Queen Lychee Drink 320ml,310.00000
Coco Queen Orange Drink 320ml,310.00000
Yupi Gummi Foot Ball Jelly,65.00000
Yupi Dippy Gummy Sauce Jelly 22.5gm,100.00000
Yupi Aquarium Jelly 8pcs 32gm,90.00000
Foxs Spring Tea Candy 90gm,265.00000
Foxs Fruity Mints Candy Tin 180gm,695.00000
Sufi Chicken Seekh Kabab P.b 540gm,739.00000
Formula 1 Carnauba Car Wax 340gm,1945.00000
Maxbar Coconut Chocolate 142gm,795.00000
Maxbar Peanuts Chocolate 142gm,795.00000
Horlicks Chocolate Powder 200gm,575.00000
Knorr Chicken Powder 90gm,125.00000
Nestle Milo All In 1 Powder Sach 25gm,75.00000
Rose Petal Perfumed Ultra Soft Tissue,375.00000
Body Luxuries Iconic Body Spray 200ml,675.00000
Hersheys Milk Chocolate 40gm,345.00000
Tapal Danedar Tea 900gm,1598.94000
Knorr Tomato Ketchup 190gm,120.00000
Tullo Cooking Oil 5ltr Btl,2695.00000
Lifebuoy Aloe Protect Hand Wash 900ml,810.00000
Nivea Men Sensitive Pro After Shave Balm 100ml,1420.00000
Falak Rosemary Leaves 25gm,215.00000
Falak Spicy Cheese Seasoning 75gm,275.00000
Derma Shine Strawberry Soft Wax 400gm,1010.00000
Cadbury Dairy Milk Crackle Chocolate,99.00000
Bake Parlor Shashlik Macaroni 250gm,140.00000
Marios Chilli Garlic Sauce 400gm,165.00000
Lipton Danedar Strong Tea 900gm,2195.00000
Markhor Voyage Body Spray 120ml,695.00000
Markhor Desire Body Spray 120ml,695.00000
Markhor Code Body Spray 120ml,695.00000
Ponds Gluta Niacinamide Serum 15ml,895.00000
Hemani Advance White Black Seed Face Wash 100ml,265.00000
Hemani Oil Control Lemon Face Wash 100ml,265.00000
American Kuisine Strawberry Cream Wafer 100gm,375.00000
American Kuisine Vanilla Cream Wafer 100gm,375.00000
American Kuisine Lava Molten Caramel Cake 55gm,320.00000
Mars Miniatures Chocolate P.b 220gm,1995.00000
Snickers Miniatures Chocolate P.b 220gm,1995.00000
Surf Excel Surf 500gm,199.01000
Evian Mineral Water 1ltr,645.00000
St.ives Pimple Clear Tea Tree Face Wash 50gm,195.00000
St.ives Smooth Skin Apricot Face Wash 50gm,195.00000
St.ives Smooth Skin Apricot Face Wash 100gm,345.00000
St.ives Pimple Clear Tea Tree Face Wash 100gm,345.00000
Dipitt Peri Peri Lemon Herb Sauce 280gm,415.00000
Dipitt Sugar Free Tomato Ketchup 300gm,270.00000
Yummy Gummy Ponpon Jelly Jar 175gm,695.00000
Yummy Gummy Blackberry Jelly Jar 175gm,695.00000
Yummy Gummy Peach Rings Jelly Jar 175gm,695.00000
Yummy Gummy Watermelon Jelly Jar 175gm,695.00000
Yummy Gummy Bears Jelly Jar 175gm,695.00000
Number 1 Bloom Washing Powder 450gm,140.00000
Funchies Mingalz Choco Balls 20gm,25.00000
Ponds Hyaluronic Acid Serum 15ml,1045.00000
Adidas Fresh Endurance Body Spray 150ml,895.00000
Adidas Power Booster Body Spray 150ml,895.00000
Haribo Teeth Cilgin Disler Jelly 80gm,486.00000
Haribo Likirr Jelly 70gm,486.00000
Haribo Solucan Worms Jelly 160gm,961.00000
Derma Shine Rice Face Scrub 120ml,640.00000
Ponds Hyaluronic Acid Serum 30ml,1595.00000
Clean & Clear Deep Action Cream Wash 150ml,995.00000
Inovative Fabulous Chocolate Chip Cookies 200gm,195.00000
Gillette Aloe Scent Hydrating Gel Stick 70ml,1050.00000
Bon Aroma Classic Coffee 200gm,2395.00000
Gekikara Ramen Hot Chicken Noodle 80gm,265.00000
Shoop Chilli Blast 2x Spicy Noodle 140gm,299.00000
Shoop Cheese 2x Spicy Noodle 140gm,299.00000
Shoop Carbonara 2x Spicy Noodle 140gm,299.00000
Hemani Squad E Sports Body Spray 150ml,320.00000
Stickoo Gum Stick 20ml,100.00000
Stickoo Gum Tube 60ml,294.00000
Rivaj Uk Hair Removal Cream 3in1 100gm,225.00000
Guard Easy Cook Sella Rice 1kg,415.00000
Haribo Eksii Mix Jelly 70gm,486.00000
Haribo Berries Jelly 80gm,486.00000
Tapal Orange Spice Tea Bag 5pcs,285.00000
Tapal Strawberry Van Tea Bag 5pcs,285.00000
Tapal Apple Cinnamon Tea Bag 5pcs,285.00000
Tapal Habiscus Tea Bag 5pcs,285.00000
Dove Relaxing Ritual Body Wash 500ml,1295.00000
Active Pro Blonde Shampoo 280ml,1495.00000
Active Pro Argan Oil Shampoo 280ml,1495.00000
Active Pro Brazilian Keratin Shampoo 280ml,1695.00000
Active Pro Sulphate Free Shampoo 280ml,1495.00000
Active Pro Olive Oil Ultra Moist Shampoo 500ml,2095.00000
Active Pro Argan Oil Cond Pump 500ml,2195.00000
American Kuisine Choctella Milk Chocolate Spread 680gm,1695.00000
Jay Namaz,1199.00000
Nawon Mocha Coffee Drink 280ml,545.00000
Nawon Coffee Latte Drink 280ml,545.00000
Bean & Beyond Vanilla Coffee Drink 280ml,635.00000
Lux Magical Orchid Body Wash 250ml Loofah Free,420.00000
Opa Elbow Pasta Box 400gm,195.00000
Opa Spiral Pasta 400gm,195.00000
Opa Shell Pasta 400gm,195.00000
Opa Penne Pasta 400gm,195.00000
Opa Large Elbow Pasta 400gm,195.00000
Brooke Bond Supreme Tea 430gm Save.50/-,825.00000
Lipton Yellow Label Tea 430gm Save.50/-,1145.00000
Hibas Love Cost Body Spray 200ml,635.00000
Hibas Three D Paris Homme Body Spray 200ml,635.00000
Hibas Change De Paris Femme Body Sspray 200ml,635.00000
Hibas Hero Boss Homme Body Spray 200ml,635.00000
Hibas C&k One Homme Body Spray 200ml,635.00000
Stillmans Petrolleum Jelly Blue 100gm,310.00000
Stillmans Aloe Vera Petroleum Jelly 100gm,310.00000
Lemon Max Lime Dish Washing Paste 400gm,225.00000
Garnier Hair Color Sach No.5.32,175.00000
Creme 21 Classic Moist Petroleum Jelly 100ml,555.00000
Surf Excel Liquid Detergent Refill P.b 1ltr,695.00000
Dipitt Light Mayo 375gm,345.00000
Dipitt French Dressing 375gm,455.00000
Dipitt Ranch Sauce 375gm,450.00000
Butterfly Breathables Maxi Thick Long 9pcs,284.99000
Butterfly Breathables Peaceful Night Maxi Thick 16pcs,590.00000
Butterfly Breathables Ultra Thin Long 16pcs,570.00000
Butterfly Breathables Ultra Thin Extra Long 14pcs,570.00000
Butterfly Pantyliner Ultra Thin 40pcs,675.03000
Butterfly Pantyliner With Wings 20pcs,395.00000
Butterfly Panty Liner Ultra Thin 20pcs,355.00000
Derma Shine Water Tank Lotion 200ml,945.00000
Derma Shine Hydra Luronic Serum 30ml,1220.00000
Derma Shine Gluta Bright Serum 30ml,1220.00000
Brooke Bond Supreme Tea 900gm,1695.00000
Lipton Pure Classic Green Tea Bag 25pcs,295.00000
David Beckham Classic Blue Toilette 100ml,4000.00000
Fruit Farm Drink 1ltr Mango,175.00000
Fruit Farm Drink 500ml Pomegrane,85.00000
Vibrant Watermelon Clarifying Face Wash 100ml,345.00000
Vibrant Coconut Hydrating Face Wash 100ml,345.00000
Vibrant Pome Moisturizing Face Wash 100ml,345.00000
Mentos Sweet Mint Chew 38pcs,695.00000
Snickers Chocolate 50.5gm,210.00000
Dove Go Fresh Cucumber Stick 40gm,795.00000
Dove Ritual Coconut Stick 40gm,795.00000
Dove Sensitive Stick 40gm,795.00000
Dove Darkmarks Corrector Stick 40gm,795.00000
Veet Dry Skin Wax Strips 12pcs,695.00000
Sweet Zone Candy Blast 250gm,620.00000
Sweet Zone Candy Fruit Chews Candy 250gm,620.00000
American Kuisine Hazeltella Spread 680gm,1695.00000
Nestle Kitkat 4 Finger Chcolate 41.5gm,234.00000
Hibas Oud Kambodi Pour Homme Body Spray 200ml,635.00000
National Karahi 188gm 4pcs,495.01000
Nestle Sweet N Tasty Yogurt 400gm,265.00000
Dove Hair Fall Shampoo 650ml,1395.00000
Lifebuoy Aloe Protect Hand Wash 200ml,240.00000
Lux Magical Orchid Body Wash 520ml Loofah Free,775.00000
Cadbury Dairy Milk Choc 26gm,99.00000
Johnsons Strong Healthy Baby Shamp 200ml,552.00000
Treet Tidy Body Razor P.b 4+1,230.00000
Hersheys Nuggets Dark Chocolate 28gm,365.00000
Ensure Chocolate Milk Tin 400gm,3045.00000
Clean & Clear Exfoliating Daily Wash 150ml,995.00000
Nestle Nesfruta Apple Drink 1ltr,240.00000
Surf Excel Surf 1kg,575.01000
Snickers Miniatures Pouch 150gm,1395.00000
Bounty Miniatures Pouch 150gm,1395.00000
Mars Miniatures Pouch 150gm,1395.00000
Mentos Stb Sugarfree Chew Jar 40pcs,642.00000
Fair & Lovely Advanced Multi Vitamin Cream 65ml,395.00000
Xtra Kleen Soft Pack Tissue,297.50000
Nestle Nesfruta Mango Drink 1ltr Btl,240.00000
